"id_destination","name","country","price","about_short","about_long","img_1","img_2","img_3","img_4"
"2","Bali","Indonesia","999","Bali dsajdisaidas jidasidjiasjidas jidasjidajsidas","Bali dsajdisaidas jidasidjiasjidas jidasjidajsidasBali dsajdisaidas jidasidjiasjidas jidasjidajsidasBali dsajdisaidas jidasidjiasjidas jidasjidajsidasBali dsajdisaidas jidasidjiasjidas jidasjidajsidasBali dsajdisaidas jidasidjiasjidas jidasjidajsidasBali dsajdisaidas jidasidjiasjidas jidasjidajsidasBali dsajdisaidas jidasidjiasjidas jidasjidajsidasBali dsajdisaidas jidasidjiasjidas jidasjidajsidasBali dsajdisaidas jidasidjiasjidas jidasjidajsidasBali dsajdisaidas jidasidjiasjidas jidasjidajsidas","destination_2.jpg","bali_1.jpg","bali_2.jpg","bali_3.jpg"
"3","San Francisco","USA","599","Bali dsajdisaidas jidasidjiasjidas jidasjidajsidas","Bali dsajdisaidas jidasidjiasjidas jidasjidajsidasBali dsajdisaidas jidasidjiasjidas jidasjidajsidasBali dsajdisaidas jidasidjiasjidas jidasjidajsidasBali dsajdisaidas jidasidjiasjidas jidasjidajsidasBali dsajdisaidas jidasidjiasjidas jidasjidajsidasBali dsajdisaidas jidasidjiasjidas jidasjidajsidasBali dsajdisaidas jidasidjiasjidas jidasjidajsidasBali dsajdisaidas jidasidjiasjidas jidasjidajsidasBali dsajdisaidas jidasidjiasjidas jidasjidajsidas","destination_3.jpg","sanfrancisco_1.jpg","sanfrancisco_2.jpg","sanfrancisco_3.jpg"
"4","Paris","France","799","Bali dsajdisaidas jidasidjiasjidas jidasjidajsidas","Bali dsajdisaidas jidasidjiasjidas jidasjidajsidasBali dsajdisaidas jidasidjiasjidas jidasjidajsidasBali dsajdisaidas jidasidjiasjidas jidasjidajsidasBali dsajdisaidas jidasidjiasjidas jidasjidajsidasBali dsajdisaidas jidasidjiasjidas jidasjidajsidasBali dsajdisaidas jidasidjiasjidas jidasjidajsidasBali dsajdisaidas jidasidjiasjidas jidasjidajsidasBali dsajdisaidas jidasidjiasjidas jidasjidajsidas","destination_4.jpg","paris_1.jpg","paris_2.jpg","paris_3.jpg"
"5","Istanbul","Turkey","299","Bali dsajdisaidas jidasidjiasjidas jidasjidajsidas","Bali dsajdisaidas jidasidjiasjidas jidasjidajsidasBali dsajdisaidas jidasidjiasjidas jidasjidajsidasBali dsajdisaidas jidasidjiasjidas jidasjidajsidasBali dsajdisaidas jidasidjiasjidas jidasjidajsidasBali dsajdisaidas jidasidjiasjidas jidasjidajsidasBali dsajdisaidas jidasidjiasjidas jidasjidajsidasBali dsajdisaidas jidasidjiasjidas jidasjidajsidasBali dsajdisaidas jidasidjiasjidas jidasjidajsidasBali dsajdisaidas jidasidjiasjidas jidasjidajsidasBali dsajdisaidas jidasidjiasjidas jidasjidajsidas","destination_7.jpg","istanbul_1.jpg","istanbul_2.jpg","istanbul_3.jpg"
"6","Mykonos","Greece","899","Bali dsajdisaidas jidasidjiasjidas jidasjidajsidas","Bali dsajdisaidas jidasidjiasjidas jidasjidajsidasBali dsajdisaidas jidasidjiasjidas jidasjidajsidasBali dsajdisaidas jidasidjiasjidas jidasjidajsidasBali dsajdisaidas jidasidjiasjidas jidasjidajsidasBali dsajdisaidas jidasidjiasjidas jidasjidajsidasBali dsajdisaidas jidasidjiasjidas jidasjidajsidasBali dsajdisaidas jidasidjiasjidas jidasjidajsidasBali dsajdisaidas jidasidjiasjidas jidasjidajsidasBali dsajdisaidas jidasidjiasjidas jidasjidajsidasBali dsajdisaidas jidasidjiasjidas jidasjidajsidas","destination_6.jpg","mykonos_1.jpg","mykonos_2.jpg","mykonos_3.jpg"
"7","Lloret de Mar","Spain","679","Lloret de Mar, a town on the Costa Brava in Spain's Catalonia region, is known for its Mediterranean beaches.","Lloret de Mar, a town on the Costa Brava in Spain's Catalonia region, is known for its Mediterranean beaches. The medieval hilltop Castle of Sant Joan, to the east, offers views over the area, while the central Iglesia de Sant Romà church provides examples of both Catalan Gothic and modernist architecture. On a cliff overlooking the sea, the Santa Clotilde Gardens were built in the style of the Italian Renaissance.","destination_1.jpg","lloretdemar_1.jpg","lloretdemar_2.jpg","lloretdemar_3.jpg"
"8","Phi Phi Island","Thailand","1099","The Phi Phi Islands are an island group in Thailand.","The Phi Phi Islands are an island group in Thailand, between the large island of Phuket and the Straits of Malacca coast of Thailand. The islands are administratively part of Krabi Province. ","destination_9.jpg","phiphiisland_1.jpg","phiphiisland_2.jpg","phiphiisland_3.jpg"
"9","Phuket","Thailand","989","Thailand is a Southeast Asian country. It's known for tropical beaches.","Thailand is a Southeast Asian country. It's known for tropical beaches, opulent royal palaces, ancient ruins and ornate temples displaying figures of Buddha. In Bangkok, the capital, an ultramodern cityscape rises next to quiet canalside communities and the iconic temples of Wat Arun, Wat Pho and the Emerald Buddha Temple (Wat Phra Kaew). Nearby beach resorts include bustling Pattaya and fashionable Hua Hin.","destination_5.jpg","thailand_1.jpg","thailand_2.jpg","thailand_3.jpg"
"10","Jakarta","Indonesia","1499","Indonesia, officially the Republic of Indonesia, is a country in Southeast Asia and Oceania","Indonesia, officially the Republic of Indonesia, is a country in Southeast Asia and Oceania, between the Indian and Pacific oceans. It consists of more than seventeen thousand islands, including Sumatra, Java, Borneo, Sulawesi, and New Guinea.","destination_2.jpg","indonesia_1.jpg","indonesia_2.jpg","indonesia_3.jpg"
"11","Amsterdam","Netherlands","205","asddsadasdasdasdsas","asddsadasdasdasdsasasddsadasdasdasdsasasddsadasdasdasdsasasddsadasdasdasdsasasddsadasdasdasdsasasddsadasdasdasdsasasddsadasdasdasdsas","destination_11.jpg","amsterdam_1.jpg","amsterdam_2.jpeg","amsterdam_3.jpg"
"12","Thassos","Greece","549","Thasos or Thassos is a Greek island.","Thasos or Thassos is a Greek island, geographically part of the North Aegean Sea, but administratively part of the Kavala regional unit, Macedonia. It is the northernmost major Greek island, and 12th largest by area.","thassos_1.jpg","thassos_1.jpg","thassos_2.jpg","thassos_3.jpg"
"13","Nice","France","799","Nice, capital of the Alpes-Maritimes department on the French Riviera","Nice, capital of the Alpes-Maritimes department on the French Riviera, sits on the pebbly shores of the Baie des Anges. Founded by the Greeks and later a retreat for 19th-century European elite, the city has also long attracted artists. Former resident Henri Matisse is honored with a career-spanning collection of paintings at Musée Matisse. Musée Marc Chagall features some of its namesake's major religious works.","nice_1.jpg","nice_1.jpg","nice_2.jpg","nice_3.jpg"
"14","Moscow","Russia","699","Moscow, on the Moskva River in western Russia.","Moscow, on the Moskva River in western Russia, is the nation’s cosmopolitan capital. In its historic core is the Kremlin, a complex that’s home to the president and tsarist treasures in the Armoury. Outside its walls is Red Square, Russia's symbolic center. It's home to Lenin’s Mausoleum, the State Historical Museum's comprehensive collection and St. Basil’s Cathedral, known for its colorful, onion-shaped domes.","moscow_3.jpeg","moscow_3.jpeg","moscow_2.jpg","moscow_1.jpg"
"15","Krakow","Poland","299","Kraków, a southern Poland city near the border of the Czech Republic","Kraków, a southern Poland city near the border of the Czech Republic, is known for its well-preserved medieval core and Jewish quarter. Its old town – ringed by Planty Park and remnants of the city’s medieval walls – is centered on the stately, expansive Rynek Glówny (market square). This plaza is the site of the Cloth Hall, a Renaissance-era trading outpost, and St. Mary’s Basilica, a 14th-century Gothic church.","krakow_3.jpeg","krakow_2.jpg","krakow_1.jpeg","krakow_3.jpeg"
"16","Warsaw","Poland","349","Warsaw is the capital and largest city of Poland","Warsaw is the capital and largest city of Poland. The metropolis stands on the Vistula River in east-central Poland and its population is officially estimated at 1.8 million residents within a greater ","warsaw_2.jpeg","warsaw_1.jpg","warsaw_2.jpeg","warsaw_3.jpg"
"17","Saint Petersburg","Russia","899","St. Petersburg is a Russian port city on the Baltic Sea.","St. Petersburg is a Russian port city on the Baltic Sea. It was the imperial capital for 2 centuries, having been founded in 1703 by Peter the Great, subject of the city's iconic “Bronze Horseman” statue. It remains Russia's cultural center, with venues such as the Mariinsky Theatre hosting opera and ballet, and the State Russian Museum showcasing Russian art, from Orthodox icon paintings to Kandinsky works.","st_petersburg1.jpg","st_petersburg1.jpg","st_petersburg2.jpg","st_petersburg_4.jpeg"
"18","Budapest","Hungary","199","Budapest, Hungary’s capital, is bisected by the River Danube","Budapest, Hungary’s capital, is bisected by the River Danube. Its 19th-century Chain Bridge connects the hilly Buda district with flat Pest. A funicular runs up Castle Hill to Buda’s Old Town, where the Budapest History Museum traces city life from Roman times onward. Trinity Square is home to 13th-century Matthias Church and the turrets of the Fishermen’s Bastion, which offer sweeping views.","budapest_3.jpg","budapest_2.jpg","budapest_3.jpg","budapest1.jpg"
"19","New York","USA","1699","New York City comprises 5 boroughs sitting where the Hudson River","New York City comprises 5 boroughs sitting where the Hudson River meets the Atlantic Ocean. At its core is Manhattan, a densely populated borough that’s among the world’s major commercial, financial and cultural centers. Its iconic sites include skyscrapers such as the Empire State Building and sprawling Central Park. Broadway theater is staged in neon-lit Times Square.","newyork1.jpg","newyork1.jpg","newyork2.jpeg","newyork3.jpeg"
"20","Parga","Greece","399","Parga is a town and municipality located in the northwestern part of the regional unit of Preveza","Parga is a town and municipality located in the northwestern part of the regional unit of Preveza in Epirus, northwestern Greece. The seat of the municipality is the village Kanallaki. Parga lies on the Ionian coast between the cities of Preveza and Igoumenitsa. It is a resort town known for its natural environment.","parga1.jpg","parga1.jpg","parga2.jpg","parga3.jpg"
"21","Santorini","Greece","649","Santorini is one of the Cyclades islands in the Aegean Sea.","Santorini is one of the Cyclades islands in the Aegean Sea. It was devastated by a volcanic eruption in the 16th century BC, forever shaping its rugged landscape. The whitewashed, cubiform houses of its 2 principal towns, Fira and Oia, cling to cliffs above an underwater caldera (crater). They overlook the sea, small islands to the west and beaches made up of black, red and white lava pebbles.","santorini1.jpg","santorini1.jpg","santorini2.jpg","santorini3.jpeg"
"22","Vladivostok","Russia","899","Vladivostok is a major Pacific port city in Russia overlooking Golden Horn Bay","Vladivostok is a major Pacific port city in Russia overlooking Golden Horn Bay, near the borders with China and North Korea. It's known as a terminus of the Trans-Siberian Railway, which links the city to Moscow in a 7-day journey. In the city center is Central Square, where a towering memorial pays tribute to local soldiers who fought Japanese forces in the early 20th century.","vladivostok2.jpg","vladivostok2.jpg","vladivostok3.jpg","vladivostok1.jpg"
"23","Bangkok","Thailand","1499","Bangkok, Thailand’s capital, is a large city known for ornate shrines and vibrant street life","Bangkok, Thailand’s capital, is a large city known for ornate shrines and vibrant street life. The boat-filled Chao Phraya River feeds its network of canals, flowing past the Rattanakosin royal district, home to opulent Grand Palace and its sacred Wat Phra Kaew Temple. Nearby is Wat Pho Temple with an enormous reclining Buddha and, on the opposite shore, Wat Arun Temple with its steep steps and Khmer-style spire.","bangkok1.jpg","bangkok1.jpg","bangkok3.jpg","bangkok2.jpg"
"24","Bordeaux","France","799","Bordeaux, hub of the famed wine-growing region, is a port city on the Garonne","Bordeaux, hub of the famed wine-growing region, is a port city on the Garonne River in southwestern France. It’s known for its Gothic Cathédrale Saint-André, 18th- to 19th-century mansions and notable art museums such as the Musée des Beaux-Arts de Bordeaux. Public gardens line the curving river quays. The grand Place de la Bourse, centered on the Three Graces fountain, overlooks the Miroir d’Eau reflecting pool","bordo1.jpg","bordo2.jpg","bordo1.jpg","bordo3.jpg"
"25","Cappadocia","Turkey","1999","Cappadocia, a semi-arid region in central Turkey, is known for its distinctive “fairy chimneys,”","Cappadocia, a semi-arid region in central Turkey, is known for its distinctive “fairy chimneys,” tall, cone-shaped rock formations clustered in Monks Valley, Göreme and elsewhere. Other notables sites include Bronze Age homes carved into valley walls by troglodytes (cave dwellers) and later used as refuges by early Christians. The 100m-deep Ihlara Canyon houses numerous rock-face churches","cappadocia1.jpg","cappadocia1.jpg","cappadocia2.jpg","cappadocia3.jpg"
"reservation_id","destination_id","user_id","num_of_persons","total","date_created"
"13","3","4","1","599","2020/11/24"
"14","3","4","1","599","2020/11/24"
"15","3","4","1","599","2020/11/24"
"16","3","4","1","599","2020/11/24"
"17","3","4","1","599","2020/11/24"
"18","4","4","1","799","2020/11/24"
"19","7","4","3","1833.3","2020/11/24"
"20","26","7","4","2516.4","2020/11/25"
"21","8","26","4","2506","2018-05-14"
"22","15","429","2","1795","2017-10-11"
"23","15","226","3","3361","2016-06-06"
"24","12","345","4","2127","2020-08-02"
"25","2","430","3","2277","2021-03-11"
"26","20","196","3","1997","2016-05-24"
"27","15","92","2","1270","2020-03-12"
"28","20","272","2","1732","2020-05-27"
"29","16","23","2","3328","2018-08-02"
"30","20","452","4","3573","2019-07-07"
"31","6","302","4","1736","2018-02-27"
"32","22","346","3","1833","2018-06-26"
"33","4","451","4","1054","2016-12-13"
"34","9","455","5","669","2018-04-23"
"35","12","87","4","2295","2016-09-18"
"36","3","360","6","1356","2017-04-01"
"37","21","38","3","3480","2019-12-26"
"38","3","251","3","2426","2017-04-20"
"39","24","195","4","1020","2017-10-07"
"40","4","105","1","2696","2016-09-19"
"41","13","145","1","663","2016-10-13"
"42","12","200","6","648","2017-04-22"
"43","7","249","6","3197","2018-06-17"
"44","17","121","6","3548","2016-11-23"
"45","14","205","3","2263","2016-09-23"
"46","16","439","6","2993","2019-12-18"
"47","2","329","4","2481","2017-02-20"
"48","5","448","1","3388","2018-08-20"
"49","9","18","6","3315","2021-10-28"
"50","20","401","3","3581","2019-04-04"
"51","10","25","6","2433","2018-06-28"
"52","10","250","2","2037","2016-04-01"
"53","18","335","6","3139","2020-08-01"
"54","14","306","2","2746","2017-03-11"
"55","15","168","4","2034","2021-09-24"
"56","5","212","1","2847","2020-06-07"
"57","17","499","1","2193","2017-10-02"
"58","4","401","4","644","2019-09-01"
"59","11","194","2","2175","2015-12-24"
"60","23","310","5","1906","2021-02-25"
"61","18","71","5","1251","2018-09-16"
"62","12","496","1","3570","2017-06-03"
"63","6","247","6","2019","2016-04-06"
"64","25","137","4","1925","2019-05-11"
"65","17","37","1","3210","2020-10-09"
"66","9","374","2","2000","2021-07-04"
"67","8","228","5","2679","2016-07-24"
"68","8","65","5","3487","2018-07-15"
"69","24","290","1","1061","2017-02-18"
"70","20","153","1","3149","2021-02-22"
"71","24","323","3","3069","2021-03-24"
"72","16","367","1","2137","2021-02-06"
"73","12","30","2","3195","2017-01-14"
"74","10","344","6","568","2018-07-23"
"75","12","432","5","1187","2020-07-14"
"76","11","62","1","3114","2018-06-24"
"77","21","127","5","1478","2021-07-09"
"78","11","183","4","2651","2018-10-23"
"79","24","15","1","3575","2018-08-09"
"80","22","472","4","2192","2020-07-28"
"81","18","250","6","2035","2017-10-08"
"82","24","216","4","828","2019-10-18"
"83","19","239","5","3552","2019-12-02"
"84","12","53","4","2936","2019-04-19"
"85","16","317","2","2165","2017-02-01"
"86","23","177","4","3591","2019-10-20"
"87","4","466","5","3227","2016-02-03"
"88","8","172","2","2165","2017-09-11"
"89","7","444","4","2522","2016-07-04"
"90","4","100","1","2010","2017-05-29"
"91","5","387","5","2911","2015-12-18"
"92","10","443","5","1225","2019-06-01"
"93","4","368","4","3158","2019-08-30"
"94","25","302","4","1066","2021-05-17"
"95","11","494","5","2145","2018-05-23"
"96","7","468","1","750","2020-09-02"
"97","2","365","6","2257","2015-12-20"
"98","24","61","6","2194","2018-06-29"
"99","16","454","4","3180","2018-01-30"
"100","20","115","1","2583","2019-05-14"
"101","9","326","4","1241","2016-03-21"
"102","21","390","5","3247","2018-05-01"
"103","5","344","3","1747","2018-05-28"
"104","2","291","5","2121","2016-11-09"
"105","21","294","6","3587","2019-05-02"
"106","10","62","5","2295","2019-04-09"
"107","2","371","1","1305","2020-04-16"
"108","9","230","6","3509","2021-07-04"
"109","13","215","5","2463","2017-04-09"
"110","3","401","3","929","2018-04-13"
"111","12","14","3","2069","2016-04-28"
"112","14","68","6","447","2021-06-25"
"113","4","219","6","2076","2019-06-15"
"114","13","420","6","2246","2017-02-13"
"115","4","382","5","1712","2020-06-19"
"116","8","183","1","3366","2015-11-11"
"117","13","123","2","2040","2020-05-25"
"118","2","369","4","1886","2015-12-28"
"119","21","427","2","2714","2016-06-20"
"120","3","355","2","1881","2016-12-21"
"121","2","393","3","2608","2018-01-22"
"122","4","330","5","3332","2020-11-05"
"123","8","22","4","1668","2021-11-21"
"124","19","490","3","1964","2017-02-05"
"125","7","151","2","826","2018-08-07"
"126","12","303","2","1702","2019-08-22"
"127","10","64","3","1331","2016-10-16"
"128","5","338","1","1462","2017-10-22"
"129","7","492","6","3360","2017-10-11"
"130","13","31","2","1053","2020-10-04"
"131","16","47","3","3227","2016-08-22"
"132","7","68","4","2647","2020-03-21"
"133","15","347","3","1209","2019-12-29"
"134","3","421","2","2248","2021-08-15"
"135","18","101","2","1676","2019-04-03"
"136","8","27","4","2464","2015-11-16"
"137","20","461","1","3572","2020-07-20"
"138","15","98","5","2609","2020-01-26"
"139","20","197","1","841","2018-08-15"
"140","14","170","4","670","2021-06-19"
"141","14","170","4","1291","2016-11-05"
"142","10","143","6","1676","2016-12-26"
"143","9","320","5","632","2019-10-02"
"144","21","328","6","2487","2020-08-27"
"145","18","111","4","3526","2016-07-14"
"146","10","197","6","1969","2020-12-13"
"147","5","222","6","3317","2019-03-21"
"148","24","149","5","611","2015-12-12"
"149","15","372","4","1615","2021-03-31"
"150","11","423","6","2152","2020-01-21"
"151","14","160","6","1356","2017-10-03"
"152","13","41","6","2966","2020-05-03"
"153","22","168","1","857","2017-08-21"
"154","8","388","5","2164","2021-11-25"
"155","14","187","6","485","2021-09-09"
"156","22","157","2","2132","2016-12-19"
"157","16","459","3","1866","2018-03-02"
"158","13","163","6","2887","2017-08-01"
"159","8","51","4","1478","2017-06-30"
"160","13","275","1","2473","2019-04-25"
"161","19","232","6","2850","2020-06-15"
"162","5","231","4","2201","2017-07-22"
"163","4","422","6","1268","2020-03-12"
"164","17","321","5","1195","2016-12-11"
"165","11","416","1","1239","2017-07-11"
"166","16","137","6","905","2017-10-12"
"167","6","307","2","2897","2021-08-02"
"168","17","140","6","2579","2018-10-09"
"169","7","225","3","1488","2021-11-25"
"170","6","322","2","2212","2020-03-11"
"171","20","18","1","2413","2018-10-20"
"172","10","30","5","3084","2020-07-09"
"173","20","62","2","1926","2019-11-03"
"174","2","150","4","3225","2021-11-10"
"175","19","231","4","1613","2019-01-14"
"176","21","237","4","3116","2018-09-22"
"177","22","429","4","3250","2017-08-04"
"178","5","317","3","2743","2019-07-21"
"179","7","131","1","2254","2017-06-05"
"180","20","442","5","3510","2018-07-15"
"181","18","173","5","3142","2017-02-22"
"182","23","427","3","1720","2016-08-23"
"183","9","400","6","299","2021-06-11"
"184","11","108","5","2822","2020-02-02"
"185","15","390","3","3491","2018-12-07"
"186","6","113","1","899","2019-08-14"
"187","20","468","2","1906","2018-05-30"
"188","8","40","2","1798","2021-08-12"
"189","6","54","1","3494","2016-12-04"
"190","2","187","1","1877","2019-09-10"
"191","15","486","5","2934","2021-02-16"
"192","9","197","5","2711","2018-07-07"
"193","3","160","3","2195","2020-12-04"
"194","2","338","1","3483","2017-09-20"
"195","2","28","4","930","2016-03-12"
"196","13","312","4","608","2016-11-21"
"197","14","432","1","3436","2021-08-05"
"198","5","413","3","2293","2019-01-01"
"199","6","349","3","382","2015-11-05"
"200","12","454","6","725","2020-03-11"
"201","16","129","6","2507","2020-09-01"
"202","20","487","1","562","2021-11-05"
"203","18","401","2","1650","2018-11-14"
"204","16","201","6","2462","2021-02-27"
"205","24","421","5","836","2020-11-27"
"206","5","338","6","750","2017-11-22"
"207","23","475","2","2783","2016-08-19"
"208","4","302","1","809","2018-08-19"
"209","13","349","3","2400","2018-07-04"
"210","21","28","4","1267","2021-07-11"
"211","13","318","3","608","2016-05-01"
"212","11","289","3","1080","2015-12-05"
"213","24","116","4","2325","2017-03-14"
"214","11","214","1","1806","2016-11-17"
"215","19","131","4","2001","2017-09-09"
"216","5","206","3","926","2021-10-24"
"217","2","292","2","1637","2021-02-07"
"218","9","34","2","2731","2016-07-13"
"219","12","416","2","3537","2019-06-04"
"220","12","326","2","2579","2019-09-10"
"221","20","465","1","602","2018-08-05"
"222","18","308","6","1537","2020-08-23"
"223","15","166","4","851","2019-05-18"
"224","21","120","3","2132","2021-02-17"
"225","7","328","2","3078","2018-07-04"
"226","20","314","2","2875","2018-12-20"
"227","15","71","3","378","2019-05-06"
"228","19","231","1","1040","2020-11-07"
"229","10","164","4","1988","2016-12-30"
"230","12","148","3","1050","2019-05-15"
"231","5","429","1","881","2018-04-27"
"232","24","16","6","1340","2016-12-16"
"233","12","237","4","3367","2019-05-21"
"234","16","309","4","2392","2019-04-11"
"235","19","174","3","793","2020-09-25"
"236","23","219","5","3502","2019-10-02"
"237","5","379","3","796","2020-09-06"
"238","5","419","4","2873","2018-09-23"
"239","20","235","5","2841","2016-07-02"
"240","14","132","2","683","2021-10-04"
"241","25","121","6","1187","2016-07-01"
"242","3","226","4","1256","2018-10-22"
"243","9","148","2","3181","2017-02-20"
"244","12","119","4","3529","2020-05-16"
"245","22","400","2","2449","2016-01-25"
"246","22","41","3","2507","2016-06-01"
"247","3","250","1","2135","2019-01-19"
"248","11","139","2","751","2018-01-28"
"249","19","184","5","447","2016-08-03"
"250","20","25","6","1362","2017-07-15"
"251","4","358","5","1911","2016-08-31"
"252","11","81","1","1608","2016-10-31"
"253","18","264","2","1144","2021-05-14"
"254","24","134","1","962","2015-12-23"
"255","2","151","4","1842","2016-12-16"
"256","13","462","1","2946","2019-09-24"
"257","24","14","6","511","2020-04-18"
"258","5","220","3","1903","2019-11-18"
"259","8","29","6","820","2018-11-16"
"260","13","280","3","2996","2020-12-21"
"261","14","150","5","1687","2016-02-08"
"262","14","412","4","2389","2019-03-17"
"263","3","454","4","927","2018-11-15"
"264","8","226","6","2290","2017-08-06"
"265","3","191","4","2695","2017-09-21"
"266","8","378","6","1857","2017-10-15"
"267","10","20","4","2903","2021-07-31"
"268","12","396","5","3381","2020-12-08"
"269","3","361","1","324","2021-09-02"
"270","3","456","5","3093","2021-08-21"
"271","3","299","6","2200","2019-09-24"
"272","13","190","4","1209","2019-12-12"
"273","2","385","4","2605","2020-10-11"
"274","18","245","5","2948","2017-04-21"
"275","25","34","5","2211","2020-01-14"
"276","19","450","3","2860","2019-02-07"
"277","22","364","5","3542","2016-04-18"
"278","2","327","1","1741","2021-08-23"
"279","21","250","2","649","2020-06-13"
"280","7","146","3","680","2020-03-26"
"281","25","358","1","2501","2019-05-30"
"282","20","173","1","833","2017-05-11"
"283","2","38","5","2053","2020-07-24"
"284","5","36","6","1452","2016-11-05"
"285","10","34","4","2172","2019-01-14"
"286","22","392","4","3484","2017-10-12"
"287","16","23","1","3191","2019-09-02"
"288","19","18","1","2926","2017-06-17"
"289","14","213","2","346","2017-02-17"
"290","22","132","4","2348","2019-09-13"
"291","4","166","4","1361","2016-04-28"
"292","12","136","6","2053","2018-06-09"
"293","10","323","3","1951","2021-07-03"
"294","21","196","4","1374","2020-10-18"
"295","18","55","2","2901","2021-08-29"
"296","13","285","4","3274","2015-11-24"
"297","5","497","2","652","2021-06-11"
"298","9","390","4","2842","2020-12-12"
"299","11","492","1","1244","2017-04-16"
"300","12","355","3","368","2016-02-08"
"301","2","379","2","1783","2016-12-22"
"302","14","16","5","1278","2018-07-18"
"303","12","402","4","798","2020-05-22"
"304","16","156","2","1845","2021-11-27"
"305","5","282","3","2447","2016-03-13"
"306","3","388","4","2812","2016-05-14"
"307","3","108","3","3466","2021-03-01"
"308","9","62","2","1002","2016-07-31"
"309","16","101","3","659","2019-12-09"
"310","14","444","2","1085","2020-02-14"
"311","7","392","1","431","2016-11-10"
"312","14","67","6","913","2017-05-23"
"313","14","395","6","551","2016-08-27"
"314","21","150","2","3534","2019-08-30"
"315","25","9","5","2494","2018-09-02"
"316","6","487","2","2153","2018-01-28"
"317","3","385","5","2136","2016-09-11"
"318","19","495","3","1761","2016-04-14"
"319","2","88","4","574","2018-10-25"
"320","24","285","3","2577","2018-02-28"
"321","18","408","4","1699","2021-01-23"
"322","10","93","6","678","2021-11-21"
"323","19","203","1","3502","2020-06-08"
"324","19","245","3","2729","2017-11-25"
"325","24","480","4","409","2016-06-07"
"326","23","480","4","2600","2020-05-15"
"327","14","400","1","3194","2016-02-21"
"328","25","503","6","833","2018-12-18"
"329","15","430","2","3056","2019-12-09"
"330","24","260","6","2911","2020-12-28"
"331","23","469","4","729","2021-01-14"
"332","3","403","3","3597","2021-01-07"
"333","10","387","4","2376","2020-01-12"
"334","5","39","4","1034","2021-09-17"
"335","10","230","2","2794","2020-05-06"
"336","8","358","6","3166","2020-02-16"
"337","24","348","3","2385","2021-11-11"
"338","15","438","5","516","2019-03-14"
"339","5","381","6","890","2019-03-06"
"340","18","126","5","2402","2019-09-05"
"341","16","193","3","2458","2021-05-26"
"342","24","430","4","1662","2019-06-01"
"343","25","120","3","2885","2021-10-20"
"344","21","179","2","606","2021-08-13"
"345","3","91","5","2678","2016-05-18"
"346","25","407","6","1924","2020-03-27"
"347","13","25","5","2128","2021-09-03"
"348","3","231","6","2237","2018-01-03"
"349","13","405","4","2026","2018-12-06"
"350","12","147","5","2175","2020-07-11"
"351","2","485","2","3585","2017-07-16"
"352","12","69","6","2373","2018-12-27"
"353","7","18","2","2474","2017-06-01"
"354","17","222","4","2814","2021-06-04"
"355","22","482","2","2978","2018-03-05"
"356","25","231","3","1328","2018-09-05"
"357","7","205","5","1666","2016-01-01"
"358","3","365","1","2992","2018-11-17"
"359","24","198","2","460","2016-01-20"
"360","23","190","2","1217","2016-12-14"
"361","19","329","3","3189","2016-01-29"
"362","7","485","6","2882","2018-04-14"
"363","3","19","3","1197","2020-01-10"
"364","19","79","4","2668","2019-10-06"
"365","12","295","3","1229","2020-07-15"
"366","20","315","1","1047","2021-02-13"
"367","24","233","4","1455","2020-07-29"
"368","15","354","5","2151","2017-05-26"
"369","17","436","2","2112","2020-10-26"
"370","11","321","2","1533","2017-05-08"
"371","24","408","3","1125","2016-03-01"
"372","23","206","5","2955","2015-12-09"
"373","21","161","4","2680","2020-04-19"
"374","10","405","2","460","2017-11-10"
"375","22","31","2","650","2020-03-10"
"376","7","270","2","1184","2020-07-06"
"377","3","55","4","549","2020-09-04"
"378","12","121","3","2124","2016-06-06"
"379","10","438","2","2372","2021-07-08"
"380","23","15","2","532","2018-11-03"
"381","21","353","3","2972","2015-12-22"
"382","17","436","6","1230","2019-03-08"
"383","22","243","4","1109","2021-04-24"
"384","7","431","6","389","2021-08-22"
"385","13","258","1","2053","2017-11-02"
"386","24","491","5","2771","2020-12-31"
"387","8","82","3","1407","2021-07-03"
"388","9","388","5","3439","2016-07-22"
"389","23","285","3","1508","2018-10-23"
"390","20","206","4","1722","2020-01-27"
"391","2","83","2","759","2017-07-03"
"392","21","241","3","3077","2018-01-04"
"393","2","22","2","3152","2016-11-19"
"394","11","318","3","2110","2020-04-18"
"395","24","310","1","2256","2021-06-05"
"396","20","151","5","3335","2016-03-21"
"397","3","234","6","1596","2018-02-04"
"398","23","324","6","3500","2017-08-05"
"399","15","419","3","2733","2018-01-02"
"400","16","54","1","1679","2018-10-03"
"401","13","58","5","1708","2018-02-15"
"402","4","478","1","685","2015-11-10"
"403","11","274","1","2055","2016-01-03"
"404","8","40","6","3183","2021-10-17"
"405","25","152","2","2380","2020-05-06"
"406","5","125","1","1297","2017-08-19"
"407","22","117","4","990","2021-02-01"
"408","11","318","6","931","2016-08-10"
"409","20","15","5","1936","2017-11-23"
"410","25","71","1","1252","2016-07-21"
"411","9","60","4","2484","2021-07-26"
"412","4","120","2","786","2017-01-23"
"413","12","315","3","2770","2016-02-28"
"414","14","433","5","3196","2019-05-28"
"415","14","71","6","2646","2020-03-27"
"416","4","248","2","2145","2021-01-07"
"417","16","25","5","976","2017-07-26"
"418","15","365","5","3077","2019-07-26"
"419","2","388","1","1751","2018-05-15"
"420","23","332","2","947","2020-06-09"
"user_id","username","name","country","birth_date","email","password"
"3","testtest","Marko Vasiljevic","Serbia","1978-05-04","test@gmail.com","$2y$10$U5gJzgg69p3Jqt.b6Eprr.MKjnDdrm6POYVaYvm/UllkABbZgBrJC"
"4","marko","Marko Vasiljevic","Montenegro","1999-01-02","info.markovas@gmail.com","$2y$10$utRrfa8TkzxOEA/Ytcaw7.2APtnJ9Lz.wh6bey5bZxUQ9mrRiWjHe"
"6","nikola","Nikola Nikolic","Hungary","1988-10-12","nikola@gmail.com","$2y$10$ohJqTeOBhNs0nDuElq.6IOuh8jPhxda.68AAj38WKfIwSOxL9/3kC"
"7","sanja","Sanja Mladenovic","Serbia","1998-12-10","sanja@gmail.com","$2y$10$LAaUdmsx0Wy46bezCBbEZeUlih.fm73ZOFnVj8i5W3drB8CcPZQna"
"8","thaiboii","Marko Savic","Croatia","1979-08-04","markoman@gmail.com","$2y$10$ihoSxcWNRbFHbeu5djD2BeqopIPd.tc1pWmM8NdpVMk/Dz2Jz3nPS"
"9","Stefke","Stefan Jovanovic","Argentina","1993-06-09","stefke@gmail.com","$2y$10$a5/bxLN1ZP3LfOHiN3DAke0lu6TsXRT1cP1c6Uk/f9AO0fEz..fJG"
"10","borko","Borko Jovanovic","Canada","1997-06-12","borko@gmail.com","$2y$10$zZzoBy/oViU.xDl43/Ep5eMUHkvRGeRxbyWLcHqog21WSHyeKNble"
"11","matsmith","Matt Smith","Denmark","1993-10-29","matsmith@gmail.com","$2y$10$0.5kztP4J9mxksJ95HC5IOrFmxY7IWAAJVWnc123L2NtykeqHAogu"
"12","brano","Branislav Jankovic","Croatia","1987-10-24","brano@hotmail.com","$2y$10$w17rG.cFWrKfgu9mjbdi1OtUjKzeXZzufTY5L3mu5zG/Rqfnb.sAm"
"13","milos","Milos Djokovic","Slovakia","1979-06-17","milos01@gmail.com","$2y$10$I81mkkOleESZ4T4b9FX2A.9BSmzv1F1o5EIG3iONAmNVhxjBVgjj."
"14","djordje","Djordje Djordjevic","Serbia","1986-04-16","djordje@gmail.com","$2y$10$8h5dWjvvTrfHv.6RB/vMceZfU.zkdJUYmT1wqr14qXNg/2npc6fMu"
"15","milena","Milena Jankovic","Serbia","1978-11-30","milena@gmail.com","$2y$10$2ZZr3tijI4J6TdyRQCeIyee3DxREbzM4ObDBXfUpSr.H6LzIMiSNm"
"16","ninko221","Ninko Ninkovic","Serbia","1983-03-10","ninko@gmail.com","$2y$10$zwkKJ29sq1LI/.q.LDprc.3.Sfv81hYaJgsYBfdr9qi8oRDtl4Phy"
"17","bane","Bane Ivanovic","Serbia","1987-06-19","bane777@gmail.com","$2y$10$xEcUiJWjWnOxyNqDhnn7w.Ibr6X4BD.rZqlW96UezplrNvWPFH.ve"
"18","Dacey Patel","Jada Oneal","Anguilla","1984-06-19","leo.elementum.sem@tincidunttempusrisus.co.uk","faucibus"
"19","Evan Rice","Quinlan Webb","Hong Kong","1988-04-29","ante@liberoat.edu","semper"
"20","Thane Avila","Judith Lewis","Namibia","1991-09-28","Etiam.vestibulum.massa@velitdui.com","mollis"
"21","Abraham Mcbride","Cassandra Shelton","Kuwait","1978-12-23","ac@magnaCras.com","congue"
"22","Kellie Humphrey","Sonya Orr","Poland","1991-05-20","Donec.porttitor.tellus@vitae.ca","neque"
"23","Malik Foreman","Zoe Kidd","Sint Maarten","1983-07-05","tincidunt.adipiscing.Mauris@nequetellusimperdiet.com","aliquet."
"24","Fredericka Avery","Kiona Noble","Niue","1990-04-09","at.lacus.Quisque@convallisconvallis.com","magna."
"25","Solomon Kim","Lynn Conrad","Belize","1997-10-17","dapibus.id.blandit@nunc.ca","aliquet,"
"26","Eaton Marks","Drew Kerr","Burkina Faso","1977-03-05","luctus.aliquet.odio@Vestibulumaccumsan.edu","tempor"
"27","Lucas Vincent","Adria Huffman","Saint Helena, Ascension and Tristan da Cunha","1977-05-26","sociis.natoque@Vestibulumaccumsan.edu","Duis"
"28","Holmes Perez","Clarke Deleon","Montenegro","1994-11-22","lacus.Nulla.tincidunt@ridiculus.co.uk","urna."
"29","Simon Daugherty","Mira Yang","Saint Pierre and Miquelon","1992-10-22","at.fringilla@vitae.com","Vivamus"
"30","Stacy Joseph","Colorado Nichols","Antigua and Barbuda","1978-07-19","semper.erat@orci.com","in"
"31","Lillith Sharp","Uriel Rush","Kenya","1982-11-01","tincidunt.congue.turpis@eros.net","lacus."
"32","Noelani Dyer","Kennedy Mullins","Falkland Islands","1978-09-21","Nam.porttitor.scelerisque@tincidunt.edu","auctor."
"33","Ima Mullins","Evangeline Wooten","New Zealand","2002-01-07","neque.sed.sem@mienimcondimentum.co.uk","pede,"
"34","Wade Moss","Jeremy Stephenson","Germany","1986-04-04","commodo.auctor.velit@dignissimtemporarcu.edu","Aenean"
"35","Joel Gibbs","Carissa Bowen","Cape Verde","1997-03-28","congue.elit@egestasurna.net","arcu."
"36","Wayne York","Honorato Stein","Kuwait","2000-01-23","nibh.Donec@purusNullamscelerisque.ca","tellus"
"37","Charlotte Rutledge","Philip England","Slovakia","1994-08-28","ante.ipsum.primis@utpellentesque.ca","Nunc"
"38","Nicole Compton","Zena Wyatt","Mauritania","1990-05-12","primis.in.faucibus@mattisInteger.net","mattis"
"39","Montana Sanford","Zia Reeves","Tokelau","1981-05-07","lorem.auctor.quis@dictum.edu","arcu"
"40","Madison Ware","Griffin Irwin","Finland","1980-08-06","luctus.et@sedsapien.co.uk","luctus"
"41","Elton Wiley","Karen Foreman","China","1975-02-06","magna@Proin.ca","tortor,"
"42","Brett Mccormick","Nyssa Nash","Sri Lanka","1999-06-20","purus.gravida.sagittis@natoquepenatibuset.co.uk","adipiscing"
"43","Suki Ray","Faith Blake","Pakistan","1994-01-25","sit.amet@eutempor.org","ultrices,"
"44","Tatum Bowen","Claire Graves","Svalbard and Jan Mayen Islands","1970-03-24","tincidunt.dui@nequevitae.ca","Donec"
"45","Adrian Moss","Myles Rice","South Sudan","1976-03-21","fermentum.fermentum.arcu@Sed.co.uk","sociis"
"46","Stephanie Schroeder","Carol Hutchinson","Zambia","1970-08-10","vel.mauris@utlacusNulla.edu","Nunc"
"47","Jada Norman","Upton Odom","Peru","1972-07-11","sed.libero@faucibus.ca","vehicula"
"48","Ross Heath","Jonas Blevins","Hong Kong","1978-06-17","amet.metus.Aliquam@etipsum.com","lorem"
"49","Rae Franklin","Kevin Cruz","Laos","1977-06-25","dolor.Donec.fringilla@Fuscefermentum.org","egestas"
"50","Jayme Meadows","Natalie Hess","Bangladesh","1968-11-30","libero.Proin.sed@eleifendnuncrisus.com","lacinia"
"51","Fallon Manning","Chanda Bush","United Arab Emirates","1987-03-17","scelerisque.lorem.ipsum@condimentumDonec.org","libero"
"52","Nissim Wilkins","Chester Velazquez","Estonia","1988-05-31","nascetur@tortor.edu","Nunc"
"53","Shana Powell","Amena Fowler","American Samoa","1992-02-24","molestie.dapibus.ligula@etmagnis.org","eu"
"54","Nora Nixon","Nyssa Blackwell","Seychelles","1996-04-03","Nunc.mauris.Morbi@sodales.org","pellentesque"
"55","Gray Anthony","Gail Henderson","Afghanistan","1983-02-24","Donec.est@pellentesquetellussem.net","magna."
"56","Tatyana Yates","Rhoda Welch","Paraguay","2002-08-04","vel.mauris.Integer@enim.com","magna."
"57","Ulla Peck","Lucy Durham","Thailand","1973-05-28","orci@urnaVivamusmolestie.com","quam,"
"58","Leigh Allison","Suki Mcknight","Malaysia","1980-02-10","sem.ut.dolor@ametrisus.com","at,"
"59","Cameron Slater","Lucas Summers","Saint Pierre and Miquelon","1970-07-30","neque@velmaurisInteger.edu","Ut"
"60","Kitra Bird","Malachi Rojas","Jersey","1983-10-30","scelerisque.neque.sed@Cras.org","nec,"
"61","Malachi Carson","Veronica Chen","Oman","1980-01-23","mauris.blandit@semegetmassa.org","viverra."
"62","Ina Reese","Hedwig Beard","Gabon","1987-04-27","eu.odio.Phasellus@egestasligulaNullam.edu","non,"
"63","Maia Drake","Bethany Decker","Côte D'Ivoire (Ivory Coast)","1966-05-30","augue@famesacturpis.co.uk","in"
"64","Gemma Stevens","Yoshi Ashley","Reunion","1974-04-09","erat.Vivamus.nisi@amet.ca","eget"
"65","Alma Cameron","Branden Diaz","Cuba","1975-08-04","at@sodaleseliterat.org","leo."
"66","Hakeem Livingston","Owen Johns","Sudan","1987-07-24","varius@aauctornon.org","rutrum"
"67","Alea Gillespie","Harper Lott","Trinidad and Tobago","1998-11-13","Duis.a@per.net","velit."
"68","Shea Malone","Evan Washington","Kenya","1982-11-19","at.risus.Nunc@lacusUt.co.uk","et,"
"69","Chava Wallace","Grace Gallagher","Mayotte","2001-06-28","felis.eget@euarcuMorbi.ca","facilisis."
"70","Camden Phillips","Valentine Lynn","Afghanistan","1968-12-07","a@nec.edu","dapibus"
"71","Brielle Hooper","Sebastian Cannon","Equatorial Guinea","1983-11-15","urna@pharetra.com","ut"
"72","Steven Morton","Alfreda Simon","Uruguay","1994-08-20","ac.eleifend@liberoIntegerin.edu","turpis"
"73","Wanda Herrera","Tallulah Mayo","Côte D'Ivoire (Ivory Coast)","1983-04-22","adipiscing.elit@Nunc.co.uk","orci"
"74","Tanya Harding","Walker Booker","Viet Nam","1977-11-23","Nullam@felis.org","mi,"
"75","Kiayada Robles","Zenia Parker","South Georgia and The South Sandwich Islands","1966-10-22","euismod@augueidante.co.uk","erat"
"76","Armando Shaffer","Stephen Weber","Germany","1998-07-06","Aliquam@maurisutmi.edu","sem"
"77","Natalie Lambert","Amir Ramsey","El Salvador","1984-04-16","ornare.sagittis@magnaet.edu","eros."
"78","Calista Hays","Callie Foley","French Polynesia","1989-04-19","vitae.aliquam.eros@nequeInornare.com","scelerisque"
"79","Lois Graves","Josephine Hays","Bolivia","1998-06-11","aliquam.eros@eleifendnuncrisus.net","metus"
"80","Sonia Good","Kylan Lopez","Bhutan","1977-12-14","neque.Nullam.nisl@aliquetodio.org","enim"
"81","Hector Hinton","Simon Mathis","Seychelles","1993-03-14","non@arcuSed.edu","amet"
"82","Dalton Zamora","Shelley Shannon","Chad","2000-03-22","aliquet@orci.edu","enim."
"83","Linus Christensen","Melissa Hubbard","Slovenia","1976-10-15","netus.et.malesuada@Nunc.org","leo"
"84","Kirestin Guy","Logan Macias","Sao Tome and Principe","1987-06-06","laoreet.lectus@necmalesuada.net","nisl"
"85","Cassidy Love","Meredith Dixon","Sudan","1999-01-22","metus@aliquetmagnaa.co.uk","Donec"
"86","Reagan Cooke","Holmes Ferguson","Ukraine","1978-12-28","orci.lacus@sedorcilobortis.net","nec,"
"87","Sylvia Atkins","Elton Quinn","South Georgia and The South Sandwich Islands","1971-09-08","sagittis.semper@nonummyultricies.co.uk","auctor,"
"88","Sonia Roman","Jade Anderson","Mayotte","1971-04-13","ac.facilisis@ataugue.com","ornare,"
"89","Walker Sosa","Maxine Chen","Liberia","1996-01-05","Phasellus.dapibus.quam@mi.com","porta"
"90","Lacy Howe","Marcia Adkins","Liberia","1986-05-26","adipiscing@dignissimmagna.com","iaculis"
"91","Gavin Powers","Edward Mooney","Lesotho","1999-09-24","Ut.sagittis.lobortis@Maurisnulla.ca","sit"
"92","Jeanette Hood","Maite Nelson","Cameroon","1982-06-21","vel.sapien.imperdiet@orciUt.net","non,"
"93","Leonard Kane","Kato Eaton","Martinique","1984-04-06","commodo.tincidunt.nibh@convallis.net","risus"
"94","Hasad Sparks","Bryar Cline","Holy See (Vatican City State)","1976-04-18","magna@nislQuisquefringilla.co.uk","libero"
"95","Maryam Page","Kristen Davis","Bosnia and Herzegovina","1985-12-19","Suspendisse@pharetra.ca","a"
"96","Aline Singleton","Tad Carson","Togo","1994-11-26","nec.urna@idantedictum.edu","a,"
"97","Elaine Nunez","Lionel Potter","British Indian Ocean Territory","1973-07-27","amet.risus@orciDonecnibh.net","volutpat."
"98","Kylynn Richmond","Allen Rivas","Sweden","1977-06-12","nec@semper.org","ornare"
"99","Uriah Blackwell","Mallory Mcknight","Bosnia and Herzegovina","1969-07-02","blandit.Nam.nulla@Loremipsumdolor.edu","In"
"100","Cooper Rosales","Maile Flores","Peru","1971-03-16","arcu@auctornonfeugiat.ca","et"
"101","Cally Tran","Colorado Mayer","Nepal","1982-03-22","mus@egetlaoreetposuere.net","augue"
"102","Shafira Fleming","Stone Morales","Monaco","1988-10-20","cubilia.Curae.Donec@Fuscediamnunc.org","dis"
"103","Kaseem Alston","Rahim Nunez","Pakistan","1967-03-28","sed.leo@odioPhasellus.org","Aenean"
"104","Abel Patrick","Kenneth Meyer","Zimbabwe","1980-08-11","Mauris.vestibulum@orciinconsequat.edu","lacus."
"105","Cathleen Mclean","Jordan Pacheco","Togo","1991-09-01","sem.Nulla.interdum@adipiscingelitAliquam.edu","fringilla"
"106","Griffith Nunez","Felix Grimes","French Guiana","1973-06-30","turpis.In.condimentum@Curabituregestas.ca","odio"
"107","Gage Foreman","Abdul Villarreal","Niue","1970-07-29","feugiat.nec.diam@feugiatmetussit.edu","enim"
"108","Nola Navarro","Haviva Ferguson","Qatar","1995-11-27","Quisque.varius@odiotristiquepharetra.ca","et"
"109","Alice Melendez","Ignatius Kane","Cambodia","1992-04-25","orci.lacus@Quisquevarius.net","tempor"
"110","Indira Strong","Gillian Stein","Gabon","1973-06-26","vitae.sodales@augueutlacus.org","libero"
"111","Stewart Paul","Graiden Baldwin","Panama","1988-08-27","mi@consequatauctor.co.uk","libero."
"112","Joel Zimmerman","Gemma Herrera","Bolivia","1998-05-09","id.mollis.nec@ametconsectetueradipiscing.net","natoque"
"113","Rudyard Monroe","Alfreda Huff","Kyrgyzstan","1991-01-12","Nulla@hendrerit.net","Suspendisse"
"114","Hermione Craig","Breanna Freeman","French Polynesia","1969-03-26","magna@liberolacusvarius.com","Mauris"
"115","Ella Ellis","Tobias Harris","Cook Islands","1988-06-04","vel@lobortis.org","adipiscing"
"116","Ezekiel Nixon","Tobias Walsh","Montserrat","1974-01-28","ipsum.ac@consectetuer.com","eget"
"117","Kay Deleon","Samson Stout","Ireland","1981-08-06","lectus.rutrum.urna@enim.ca","elit,"
"118","Josiah Solomon","Kermit Boyer","Kuwait","1967-09-22","tristique.pharetra@fringillaestMauris.edu","urna."
"119","Bernard Baldwin","Hedda Blackwell","Saint Vincent and The Grenadines","1968-12-29","amet.risus@pharetra.net","Sed"
"120","Macey Buckner","Meredith Huber","Singapore","1980-01-30","adipiscing.elit.Aliquam@Sednuncest.edu","hendrerit"
"121","Anne Wise","Fredericka Larsen","Latvia","1987-06-27","lorem.sit@nullaInteger.ca","Quisque"
"122","Tatyana Houston","Ivana Rivas","Nigeria","1984-08-10","consequat.auctor@elementumsemvitae.com","nec"
"123","Flynn Holcomb","Tashya Cooper","Malawi","2002-06-15","dui.augue@leoCras.ca","id,"
"124","Evan Rivera","Vivien Russell","Belize","1973-08-20","Mauris.eu@Morbi.ca","aliquet"
"125","Mariam Allison","Courtney Weber","Saint Helena, Ascension and Tristan da Cunha","1974-12-02","sem.magna.nec@Cumsociis.org","nibh"
"126","Maite Marks","Amal Alford","Bahrain","1990-05-12","auctor.Mauris.vel@ullamcorper.net","nonummy"
"127","Jacqueline Ross","Stephanie Daniel","Brunei","1982-03-27","mollis.Integer@sempercursus.com","diam"
"128","Quyn Reid","Ryan Dickerson","Taiwan","1969-10-29","Nulla.interdum@tellus.ca","cubilia"
"129","Ella Merrill","Hammett Flowers","Cameroon","1979-04-06","quis@idenim.edu","pellentesque"
"130","Zeph Arnold","Jenette Washington","Ethiopia","2000-03-08","nascetur.ridiculus@enimsitamet.ca","malesuada"
"131","Buffy Owens","Karyn Holder","Antigua and Barbuda","2001-06-19","augue.ac@consequatauctor.edu","leo."
"132","Philip Hurst","Hedy Griffin","Tuvalu","1969-12-14","mauris.id@vitae.ca","ligula"
"133","Whoopi Shepherd","Maxwell Caldwell","Somalia","1974-09-17","Sed.auctor@vestibulum.com","arcu."
"134","Zenia Taylor","Lester Bailey","Austria","1975-08-05","venenatis.lacus@velitegestaslacinia.edu","dolor."
"135","Hayden Kerr","Sybill Pope","Guinea-Bissau","1982-01-15","interdum.Nunc.sollicitudin@utquamvel.edu","amet"
"136","Zelda Strickland","Roth Dejesus","Faroe Islands","2000-07-11","Nam.interdum.enim@urnaVivamusmolestie.ca","lacinia"
"137","Bertha Wallace","Michelle Benton","France","1977-03-04","dis.parturient.montes@aliquamarcu.com","ullamcorper"
"138","Wade Rose","Hunter Garcia","Comoros","1993-01-27","arcu.Vestibulum@euismodac.org","ante"
"139","Chadwick Mcdaniel","Timothy Clarke","South Africa","1984-03-23","quis.accumsan.convallis@molestie.co.uk","orci"
"140","Caldwell Hendricks","Sebastian Ward","Mexico","1986-02-07","iaculis.odio@IncondimentumDonec.org","pede"
"141","Keefe Campos","Barrett Gilliam","Suriname","1994-02-05","quam.Pellentesque.habitant@sedturpisnec.com","Morbi"
"142","Sebastian Holmes","Olympia Poole","Morocco","1971-06-03","nibh@convalliserateget.ca","Vivamus"
"143","Emily Dodson","Ian Wilkins","Tokelau","1983-11-03","lorem.semper@Aeneanegetmagna.edu","non,"
"144","Calista Carr","Amir Patton","Honduras","1982-08-15","ornare@magnased.org","mauris"
"145","Scott Stewart","Ross Burris","Kazakhstan","1999-09-30","in@euligula.edu","magna."
"146","Marshall Noel","Libby Pugh","Japan","1983-05-13","massa@erateget.org","nec,"
"147","Cameron Watts","Gretchen Vazquez","China","1972-07-01","placerat.orci@imperdietornare.org","lobortis."
"148","Rigel Sargent","Fiona Dudley","Qatar","1976-02-05","a@turpisvitae.co.uk","Integer"
"149","Xavier Rollins","Cade Larsen","Marshall Islands","1989-12-18","nibh@ipsumprimisin.net","eget"
"150","Donovan Long","Fletcher Walton","Albania","1990-04-05","nec.quam.Curabitur@et.net","Quisque"
"151","Elvis Sears","Nyssa Conway","Saint Vincent and The Grenadines","1986-07-13","Lorem.ipsum@est.ca","lobortis"
"152","Iris Buchanan","Aiko Mccarthy","French Polynesia","1970-02-17","tristique@feugiat.edu","nascetur"
"153","Wyatt Wilkins","Aline Parks","Uganda","1993-05-18","Proin@tinciduntorci.ca","ipsum"
"154","Ayanna Key","Nathaniel Gilliam","Wallis and Futuna","1993-05-06","mauris.Integer@ut.ca","eu,"
"155","Abel Vang","Richard Carlson","Ireland","1993-11-10","Fusce@bibendumDonec.ca","ullamcorper"
"156","Keaton York","Lana Cox","China","1994-11-12","eu.augue@elitCurabitur.co.uk","Mauris"
"157","Maite Douglas","Russell Vaughan","Åland Islands","1970-03-18","Nam.tempor@neceuismod.org","sed,"
"158","Jermaine Calderon","Quail Solomon","Andorra","1983-07-11","iaculis.lacus@ullamcorperviverra.net","mus."
"159","Lillian Wagner","Jana May","Kazakhstan","1968-09-09","Aenean.massa.Integer@euaugue.ca","Nam"
"160","Gareth Norris","Ella Stokes","Palestine, State of","1982-08-08","libero@libero.com","lorem"
"161","Sage Mcfadden","Harper Franklin","Hungary","1991-02-03","ornare.Fusce.mollis@Aliquamadipiscinglobortis.edu","elementum"
"162","Nichole Parker","Wang Roy","Serbia","1985-08-01","Suspendisse@etnetuset.ca","senectus"
"163","Michael Little","Nehru Mitchell","Isle of Man","1995-02-02","eget.volutpat@lobortisrisus.co.uk","scelerisque"
"164","Barclay Hart","Blossom Porter","Somalia","1976-03-22","Nam@pedeultricesa.org","ut,"
"165","Tamara Velasquez","Marcia Acosta","Guernsey","2000-06-13","at.augue.id@id.co.uk","nonummy"
"166","Joel Lloyd","Bryar James","Austria","1979-01-27","nascetur@Maurismolestiepharetra.ca","tellus"
"167","Hu Rocha","Cassandra Kim","Saint Kitts and Nevis","1970-07-18","risus.quis.diam@egestasligulaNullam.org","Cras"
"168","Leonard Melton","Aaron Davis","Dominican Republic","1980-01-11","neque.Sed@infaucibus.com","ac"
"169","May Ramsey","Illana Pruitt","Isle of Man","1996-02-23","odio@pedeet.co.uk","aliquet"
"170","Timothy Emerson","Jordan Cobb","Isle of Man","1966-02-24","Quisque.purus@mauris.org","Cras"
"171","Arden Washington","Quon Ashley","New Zealand","1985-12-09","eget.massa@elitpede.org","felis,"
"172","Uriah Kemp","Hedley Martin","Canada","1984-08-17","Maecenas.malesuada.fringilla@ultriciesligula.com","vulputate"
"173","Lavinia Golden","Herman Farmer","Curaçao","1993-10-10","malesuada.ut.sem@felis.edu","purus"
"174","Gray Burke","Macaulay Ingram","Guam","1994-05-26","interdum.Nunc@orciadipiscingnon.ca","ultricies"
"175","Ulric Fowler","Baker Jackson","Cuba","1975-07-15","amet.luctus.vulputate@odioPhasellusat.edu","molestie"
"176","Shad Emerson","Shea Cash","Spain","1989-01-18","vestibulum.Mauris.magna@Praesentluctus.ca","a"
"177","Walker Wyatt","Whitney Cohen","American Samoa","1967-10-26","consequat.purus@pedeNuncsed.edu","dolor,"
"178","Willa Gay","Christine Perkins","Japan","1981-06-14","id@dictum.ca","iaculis"
"179","Zephania Houston","Ira Preston","Chad","1998-04-21","aliquet.Proin@dictum.net","ut"
"180","Athena Huber","Regan Kirkland","Barbados","1966-11-18","metus@dolorvitaedolor.org","ultricies"
"181","Dacey Middleton","Wang Nash","Wallis and Futuna","1987-08-01","neque.Nullam@ametante.co.uk","Cras"
"182","Hayes Kemp","Serina Schroeder","Reunion","1993-05-04","Cras.eget.nisi@feugiatnec.edu","risus"
"183","Indigo Hardy","Elton Mcleod","Saint Lucia","1990-06-14","sagittis@Phaselluselit.edu","ante"
"184","Yoshi Lyons","Kuame Levine","American Samoa","1978-06-21","Aliquam.fringilla.cursus@vitaediamProin.ca","et,"
"185","Ann Hawkins","Nadine Griffin","Mauritius","1976-05-25","libero.Donec.consectetuer@lobortismaurisSuspendisse.edu","consequat"
"186","Erich Dodson","Quincy Mathis","Gibraltar","1973-10-11","pede@sedturpis.ca","tincidunt"
"187","Jescie York","Nehru Ball","India","1973-12-17","malesuada@luctuset.org","sem"
"188","Fulton Castro","Aimee Mcdowell","Kazakhstan","1994-12-04","sodales.Mauris@nulla.net","Mauris"
"189","Karly Malone","Raymond Brewer","Aruba","1984-03-08","malesuada.malesuada@sociisnatoque.com","dolor."
"190","Riley Chang","Kenneth Moran","United Kingdom (Great Britain)","1999-08-29","nisl.arcu.iaculis@dictummi.com","massa."
"191","Fiona George","Kareem Hodge","Kuwait","1970-10-19","eget.nisi.dictum@nibh.net","Integer"
"192","Keelie Bullock","Jason Sexton","Nicaragua","1984-02-03","dui@consectetuerrhoncusNullam.com","velit."
"193","Katell Bowman","Remedios Cantu","Grenada","1986-05-12","malesuada.augue.ut@Curabiturdictum.co.uk","ullamcorper,"
"194","Bell Madden","Carol Bowers","China","1993-10-10","Etiam.vestibulum.massa@miac.com","eget"
"195","Ishmael Pugh","Whilemina Hewitt","El Salvador","1987-01-05","nibh@idante.net","arcu."
"196","Lana Mckenzie","Joan Peterson","Western Sahara","1970-03-29","Quisque@adlitora.edu","eu"
"197","Mara Atkins","Allistair Dalton","Slovakia","1986-04-27","cursus.Nunc@semmagnanec.org","Nulla"
"198","Charity Hensley","Violet Tyson","Cook Islands","1999-08-07","felis.Nulla.tempor@condimentum.org","ultricies"
"199","Giacomo Holder","Pandora Pace","Greenland","1996-12-21","vehicula@facilisiseget.org","dui"
"200","Evangeline Gibbs","Merrill Hester","Jordan","1995-08-01","gravida.molestie.arcu@dui.co.uk","pede."
"201","Kasimir Ellison","Aristotle Pace","Hong Kong","1985-04-09","dolor.vitae@Proin.org","sem"
"202","Risa Talley","Quinlan Lee","Slovakia","1979-07-04","iaculis@Sed.com","Vivamus"
"203","Cole Beasley","Erasmus Wood","United Kingdom (Great Britain)","1987-06-08","mi@nondapibusrutrum.co.uk","massa."
"204","Tatum Wall","Gage Hernandez","Saint Kitts and Nevis","1972-06-06","erat.neque.non@utdolordapibus.com","litora"
"205","Melanie Conley","Wallace Wilcox","San Marino","1982-10-07","parturient.montes@posuerecubilia.co.uk","erat"
"206","Jael Cox","Macy Lowery","Saint Kitts and Nevis","1982-01-20","nec.orci.Donec@netus.ca","eros"
"207","Kathleen Barry","Galvin Collins","Lesotho","1982-10-25","Mauris.vel.turpis@Sed.org","netus"
"208","Francis Avery","Quin Nicholson","Seychelles","1994-08-18","bibendum.fermentum.metus@mattisIntegereu.edu","Nunc"
"209","Daphne Potts","Lillian Stevens","Botswana","1985-03-09","luctus.et@sagittis.co.uk","commodo"
"210","Nicholas Lambert","Kendall Poole","United Arab Emirates","1975-05-27","augue@Namporttitorscelerisque.com","Mauris"
"211","Jarrod Morris","Nevada Russell","Somalia","1968-12-13","Class@enimconsequat.org","in"
"212","Nichole Richard","Alexa Hobbs","Slovakia","1987-06-02","Nulla@Uttincidunt.ca","facilisis"
"213","Neil Norton","Nichole Frost","Bosnia and Herzegovina","1998-02-14","porta.elit.a@pedesagittis.org","a"
"214","Hasad Edwards","Rinah Hickman","Hungary","1978-07-23","sem@ipsum.co.uk","purus."
"215","Sybill Finley","Alexandra Woods","Mayotte","1997-10-09","tincidunt@loremvitaeodio.co.uk","amet"
"216","Curran Heath","Josephine Hardy","Georgia","1998-01-03","Vestibulum@Crasdictum.net","In"
"217","Riley Gonzalez","Phyllis Delgado","Dominican Republic","2001-02-15","Pellentesque@felisorci.co.uk","gravida."
"218","Rachel Bright","Cherokee Horne","Jersey","1982-03-25","ut.odio.vel@pedeblanditcongue.edu","interdum."
"219","Debra Hinton","Wilma Schneider","Zambia","1994-06-12","non.massa@lobortismauris.co.uk","mauris"
"220","Dara Kirkland","Adrienne Goodman","Bangladesh","1994-05-09","ac@Quisque.ca","eget"
"221","Abel Rowe","Yetta Pope","Tunisia","1999-02-22","lorem.lorem@Integer.edu","porttitor"
"222","Eric Sweeney","Edan Thornton","El Salvador","1985-11-19","Mauris.vestibulum.neque@Namconsequatdolor.co.uk","malesuada"
"223","Isabella Valenzuela","Xander Moran","Sao Tome and Principe","2001-10-14","amet@mienimcondimentum.org","malesuada"
"224","Guinevere Lester","Cassidy Paul","Saint Pierre and Miquelon","1971-09-02","mauris@ametloremsemper.edu","ultrices"
"225","Xerxes Mccoy","Allen Strong","Grenada","1999-07-19","Suspendisse.tristique.neque@euismod.ca","tellus."
"226","Rahim Mitchell","Clementine Fox","United States Minor Outlying Islands","1967-03-26","Vivamus.euismod@aauctornon.com","fermentum"
"227","Rina Guerrero","Bethany Nichols","Bulgaria","1965-12-15","amet@dolorsitamet.com","luctus"
"228","Clark Whitley","Tate Malone","Equatorial Guinea","1979-02-23","arcu.Curabitur.ut@acnullaIn.com","amet,"
"229","Blair Serrano","Sara Ryan","Spain","1968-10-27","magnis.dis.parturient@egestasadui.ca","pede,"
"230","Abbot Meyer","Kasimir Odonnell","Guinea-Bissau","1987-05-07","non.leo@sit.com","blandit"
"231","Shay Cantu","Kylee Nunez","Papua New Guinea","1972-05-22","non.justo@posuere.edu","lobortis"
"232","Bree Reynolds","Remedios Morris","Togo","1995-06-20","dignissim@amagna.co.uk","lectus"
"233","Imelda Bartlett","Adena Mcknight","Bahrain","1986-09-18","est.arcu.ac@Integervitaenibh.co.uk","varius"
"234","Clare Horn","Travis Mathis","Zimbabwe","1997-12-27","pede.Cum.sociis@mipedenonummy.org","mus."
"235","Thor Estes","Baxter Bernard","Albania","1973-07-31","montes.nascetur@massaQuisque.org","nec,"
"236","Hasad Harris","Quin Wong","Western Sahara","1993-02-23","sit.amet.diam@In.ca","Curabitur"
"237","Edward Watts","Tarik Mcclure","Slovakia","1980-01-31","purus.Maecenas.libero@sit.net","mus."
"238","Elmo Reed","Branden Baker","Marshall Islands","1970-09-17","imperdiet@vestibulumnec.org","arcu"
"239","Susan Mayo","Orlando Dawson","Sudan","1985-09-16","molestie.sodales@fringilla.edu","lectus"
"240","Nigel Hawkins","Farrah Pratt","Bouvet Island","1990-01-25","eu@volutpat.ca","bibendum"
"241","Lance Thompson","Zia Russell","Niue","1993-12-07","scelerisque.lorem.ipsum@sodalesMauris.com","sed"
"242","Whoopi Serrano","Martina Moreno","Kazakhstan","1975-05-03","sociis@magnaDuis.net","elit"
"243","Renee Adkins","Rashad Pitts","Saudi Arabia","1999-09-01","nisi.dictum@nonfeugiatnec.edu","Donec"
"244","Deacon Forbes","Caleb Freeman","Svalbard and Jan Mayen Islands","1992-06-11","ligula.eu.enim@nequenonquam.edu","sociis"
"245","Maya Oneal","Britanney Ayala","Senegal","1999-08-13","dapibus.rutrum.justo@sapien.ca","tellus."
"246","Gary Butler","Emerson Jarvis","Lithuania","1984-09-06","rutrum@urnaUttincidunt.ca","nascetur"
"247","Channing Graham","Omar Sherman","Guyana","1991-06-22","magna.Cras@et.edu","at"
"248","Wallace Robles","Maite Garza","South Georgia and The South Sandwich Islands","1973-11-05","tristique.senectus.et@massalobortisultrices.com","tincidunt,"
"249","Renee Bush","Armand Weeks","Uruguay","1981-12-12","Aliquam@Pellentesque.edu","ante."
"250","India Kidd","Talon Humphrey","Cambodia","1972-05-29","nec@Maecenasmi.co.uk","rhoncus"
"251","Zelenia Nguyen","Shea Stephens","Austria","1996-06-26","consectetuer@etrisus.net","metus."
"252","Bianca Gonzalez","Ivan Potts","Somalia","1996-11-14","penatibus.et.magnis@Suspendisseseddolor.com","velit"
"253","Karleigh Bennett","Candace Espinoza","Senegal","1970-03-16","dolor.vitae@egestas.org","cursus"
"254","Jessamine Carver","Ivory Mayo","Bulgaria","1981-05-01","sed.sapien.Nunc@eliteratvitae.ca","Donec"
"255","Vincent Delacruz","Iola Rodriquez","Mauritania","1967-06-04","magna.Phasellus.dolor@sitametfaucibus.edu","tempus"
"256","Gil Craig","Hilel Rodriquez","Samoa","1972-10-08","gravida.nunc.sed@venenatis.org","mauris"
"257","David Jimenez","Fritz Barton","Aruba","1974-02-14","eleifend@Donecestmauris.com","neque."
"258","Dieter Marsh","Kylan Blackburn","Eritrea","1983-04-10","gravida.non@velvenenatisvel.net","ullamcorper"
"259","Irma Brown","Kennedy Sears","South Africa","1970-09-23","interdum@ipsumdolor.net","Aenean"
"260","Desirae Witt","Rachel Whitney","Pitcairn Islands","1976-09-09","Nulla@anteblanditviverra.co.uk","eleifend"
"261","Abra Fulton","Callum James","Congo, the Democratic Republic of the","1967-08-14","a.dui.Cras@ligula.ca","Proin"
"262","Brielle Carter","Michael Trujillo","Singapore","1979-05-09","eget.volutpat@scelerisquenequeNullam.edu","vulputate"
"263","Simone Rush","Reed Cortez","United States Minor Outlying Islands","1989-12-07","ornare.lectus.ante@duiquisaccumsan.co.uk","vitae"
"264","Marvin Giles","Lawrence Hansen","Bhutan","1978-07-22","augue.eu@semelit.co.uk","Aenean"
"265","Conan Pugh","Tara Horne","Malawi","1975-12-06","blandit@Maurisblanditenim.com","diam"
"266","Alice Yang","Mason Vaughan","New Caledonia","1989-06-06","Sed.eu.nibh@ataugue.ca","arcu."
"267","Indira Spence","Lysandra Rich","Comoros","1982-08-08","metus.vitae.velit@diamDuismi.ca","imperdiet"
"268","Ivana Snow","Micah Rosa","Guinea-Bissau","1974-11-15","enim.non@turpisAliquamadipiscing.com","nisl."
"269","Noel Tyler","Burton Odom","Georgia","1967-12-26","ullamcorper.viverra@Sed.com","eget,"
"270","Zenaida Pollard","Constance Roberson","Bulgaria","2000-11-02","nibh@idmollisnec.edu","Nunc"
"271","Dylan Lynn","Thaddeus Cantrell","Reunion","1990-04-05","felis.Donec.tempor@dapibusrutrumjusto.net","tempor"
"272","Xanthus Sullivan","Gillian Gaines","Micronesia","1994-10-31","ultricies.adipiscing@maurissitamet.ca","a,"
"273","Griffin Orr","Walker Spears","Canada","1976-12-16","augue.scelerisque@idante.com","ut"
"274","Lacey Mcclure","Ezekiel Landry","Korea, North","1997-12-12","convallis.est.vitae@sociisnatoque.net","a"
"275","Tamara Hines","Nadine Santiago","South Sudan","1978-05-12","facilisis@quamquisdiam.net","ad"
"276","Jerry Reese","Diana Banks","Niue","1980-08-29","nunc.Quisque.ornare@dolortempus.net","erat."
"277","Macey Park","Naomi Shaffer","Bermuda","1986-02-16","massa.non@aliquamarcuAliquam.edu","turpis."
"278","Candice Gonzalez","Hadassah Daniel","Cameroon","1980-09-01","libero.Integer@vulputateposuere.edu","vel"
"279","Igor Rodgers","Mufutau Thornton","Saint Martin","2000-11-29","aliquet@semPellentesqueut.org","nec,"
"280","Merritt Frazier","Amber Lester","Nauru","2000-03-26","eu@malesuadafringillaest.org","luctus"
"281","Jaime Bright","Brandon Stark","Cocos (Keeling) Islands","2002-06-26","Donec.nibh@elitafeugiat.ca","Curabitur"
"282","Faith Dickerson","Ursa Ashley","Slovenia","2000-04-06","mauris.ipsum@eutemporerat.co.uk","accumsan"
"283","Maisie Mcfarland","Destiny Stephenson","Andorra","1979-06-16","lectus@Nullaeget.com","nibh."
"284","Alice Figueroa","Nehru Burris","Germany","1968-09-12","a@turpis.com","semper"
"285","Jasper Blankenship","Nita Mendoza","Grenada","1971-12-12","lobortis.risus@estacmattis.co.uk","mattis."
"286","Shay Collier","Zachery Johns","Reunion","1980-05-29","Etiam@eget.ca","interdum"
"287","Isabelle Macdonald","Ulysses Noble","El Salvador","1991-11-03","sed.turpis.nec@Aeneanegetmetus.org","sodales"
"288","Paula Ferrell","Britanni Fisher","Albania","1998-10-27","augue.ac.ipsum@auctor.ca","iaculis,"
"289","Florence Payne","Leigh Pope","British Indian Ocean Territory","1985-06-06","Phasellus@egetvenenatisa.org","a,"
"290","Blaze Fuller","Quinn Carson","Slovakia","1990-01-15","mattis.ornare@vulputate.co.uk","Vivamus"
"291","Brielle Harper","Isabella Gentry","Iraq","1999-01-11","id.risus@augueeutempor.edu","natoque"
"292","Josephine Cunningham","Clayton Erickson","Pitcairn Islands","1999-09-12","nunc.interdum.feugiat@scelerisqueneque.ca","eu"
"293","Phyllis Camacho","Kenneth Phelps","Oman","1999-07-18","vulputate.ullamcorper@elit.co.uk","odio."
"294","Abdul Baldwin","Olympia Hines","United States Minor Outlying Islands","2002-04-12","elementum.dui@quam.net","malesuada"
"295","Hop Daugherty","Nissim Tran","Saint Lucia","1983-01-06","eget@mauriselit.net","diam"
"296","Bradley Lucas","Ivory Powers","Cambodia","1988-12-19","mollis@Praesent.ca","Quisque"
"297","Theodore Conrad","Tasha Leonard","Thailand","1972-09-30","tortor.nibh.sit@dui.org","consectetuer"
"298","Laura Mccall","Hadassah Glass","Ukraine","1982-06-23","dignissim.tempor.arcu@perinceptoshymenaeos.com","malesuada"
"299","Alisa Sellers","Howard Deleon","Bahrain","1997-07-27","aliquam.eu@sodales.net","ligula."
"300","Ursula Black","Xavier Jefferson","Malta","1983-02-04","In.nec.orci@sagittis.edu","Curabitur"
"301","Imogene Pate","Paki Emerson","United Arab Emirates","1972-04-26","eu.accumsan@cubiliaCurae.org","Sed"
"302","Demetrius Case","Hannah Holloway","Burundi","1978-12-28","nonummy.ac@dictumeu.ca","ipsum"
"303","Edan Miller","Theodore Skinner","Austria","1987-08-14","lobortis@senectuset.net","augue"
"304","Noelle Decker","Violet Gutierrez","Iceland","1975-12-08","amet.massa.Quisque@nec.edu","Cum"
"305","Elton Lancaster","Maya Shannon","Hungary","1991-03-21","consequat.auctor@libero.ca","neque"
"306","Murphy Mullins","Desiree Singleton","Mongolia","1967-03-15","vitae@eget.co.uk","pellentesque"
"307","Zelenia Ewing","Ulysses Pugh","Singapore","1982-07-26","pharetra.sed.hendrerit@eleifend.com","euismod"
"308","Paula Davenport","Jesse Flowers","Guinea-Bissau","1983-07-09","pede.Nunc@commodotincidunt.edu","rutrum."
"309","Wynne Frank","Samson Combs","Kyrgyzstan","2000-03-15","morbi@natoquepenatibuset.org","mus."
"310","Chantale Chapman","Bruce Bird","French Guiana","1984-11-17","tincidunt.nibh.Phasellus@ante.com","lectus"
"311","Kirk Roach","Cally Sims","Chile","1982-11-27","ante@inconsequatenim.net","semper"
"312","Emerson Chase","Quintessa Cortez","Kuwait","1979-11-03","tellus.non@porttitorinterdumSed.ca","lacinia"
"313","Tucker Melton","Hamilton Conner","Slovenia","2001-03-23","Nunc.quis.arcu@duisemperet.edu","nec"
"314","James Alvarez","Karly Wise","Åland Islands","1985-07-21","lobortis@Aliquam.org","elementum,"
"315","Dominique Valencia","Clio Travis","Saudi Arabia","1973-01-09","at@aliquet.co.uk","enim"
"316","Karina May","Anthony Roth","El Salvador","1982-09-04","In.mi@convallis.edu","et"
"317","Jonas Horton","Byron Pugh","Burundi","1972-12-16","luctus@quispede.com","gravida."
"318","Guy Jackson","Aphrodite Ayers","Finland","1967-06-08","lorem.auctor.quis@habitant.co.uk","nunc"
"319","Malcolm Terrell","Ray Witt","Côte D'Ivoire (Ivory Coast)","1993-06-04","orci@nascetur.net","Mauris"
"320","Rudyard English","Kenneth Vaughan","Micronesia","2000-10-21","Proin.ultrices@mattis.org","elementum,"
"321","Dahlia Chen","Palmer Dotson","Vanuatu","1967-02-19","sem.magna@Aenean.co.uk","pede."
"322","Abdul Howard","Shellie Price","Haiti","1984-05-06","neque.Morbi@Donec.org","quis,"
"323","Armando Fleming","Amena Chapman","Comoros","2000-12-20","Donec.est.Nunc@cursusa.co.uk","In"
"324","Mariko Miranda","Scott Gentry","South Africa","1979-05-07","vulputate.dui@ipsum.com","Proin"
"325","Brooke Copeland","Donna Williamson","New Zealand","1986-01-16","eu@semperet.co.uk","id"
"326","Galvin Lucas","Alec Gaines","Cape Verde","1988-03-25","scelerisque.scelerisque.dui@Donectemporest.co.uk","Quisque"
"327","Renee Fowler","Carl Cannon","Svalbard and Jan Mayen Islands","1975-09-24","aliquet@Pellentesquehabitantmorbi.net","eget"
"328","Kelsey Rogers","Hamish Bernard","Cape Verde","1985-10-05","ipsum.leo@Praesent.com","enim."
"329","Fay Parker","Meredith Hobbs","Saint Kitts and Nevis","1993-04-18","netus.et@facilisisnonbibendum.net","nulla."
"330","Imelda Carson","Shana Lowery","Bouvet Island","1983-12-20","augue.scelerisque.mollis@nislMaecenas.co.uk","netus"
"331","Hanna Maldonado","Merritt Swanson","Togo","1973-05-27","semper.dui.lectus@mi.co.uk","cursus"
"332","Heidi Schneider","Palmer Solomon","Korea, North","2000-08-25","semper.auctor.Mauris@faucibus.edu","ultrices"
"333","Akeem Bird","Camille Carpenter","Trinidad and Tobago","1985-09-09","eu@Aeneaneget.edu","euismod"
"334","Mason Cochran","Celeste Avery","Western Sahara","1984-11-21","Fusce.mollis@cursus.net","egestas"
"335","Wesley Carver","Sylvester Macias","Åland Islands","1981-08-15","congue@accumsaninterdum.ca","gravida"
"336","Ralph Greer","Yael Kelly","Canada","1970-11-17","turpis.Nulla@tortornibhsit.ca","nunc"
"337","Griffith Cole","Venus Vincent","Bonaire, Sint Eustatius and Saba","1986-05-31","dolor.elit.pellentesque@in.co.uk","turpis"
"338","Marny Hood","Amir Walls","Heard Island and Mcdonald Islands","1979-08-03","Pellentesque.ut@tinciduntpedeac.ca","ut,"
"339","Ivana Acosta","Bertha Conway","Seychelles","1970-10-05","sociosqu.ad.litora@ametnulla.co.uk","aliquam,"
"340","Montana Trujillo","Amal Neal","Egypt","1993-05-05","convallis.ligula@noncursus.com","consequat"
"341","Ryder Montgomery","Candice Anthony","Jordan","1982-11-23","semper.erat@ipsumSuspendisse.edu","dignissim"
"342","Nolan Gonzalez","Belle Ewing","South Georgia and The South Sandwich Islands","1977-11-19","Donec.nibh.enim@dictumcursusNunc.com","Donec"
"343","Anne Cross","Alana Castaneda","Estonia","2002-07-08","ante@Nuncullamcorper.ca","mollis."
"344","Irma Hansen","Ignacia Tate","Finland","1984-03-17","purus@pharetrased.net","aliquet"
"345","Pandora Charles","Ivor Maddox","Comoros","1998-03-05","Integer.in.magna@tinciduntneque.co.uk","mattis"
"346","Peter Parsons","Kevin Hooper","Thailand","1972-07-24","consectetuer.rhoncus.Nullam@urnanec.org","Curabitur"
"347","Ezra Hurst","Jemima Acevedo","Estonia","1994-07-13","lacus@Integer.ca","et"
"348","Jared Hogan","Lila Shannon","Côte D'Ivoire (Ivory Coast)","1974-03-06","amet.ornare.lectus@DonectinciduntDonec.org","et"
"349","Leonard Blake","Chaim Luna","Turks and Caicos Islands","1983-10-09","congue.elit.sed@sem.net","eu,"
"350","Rhoda Roy","Tatyana Bender","Colombia","1995-06-05","nunc.interdum@aliquet.edu","orci"
"351","Teagan Shepherd","Grace Valenzuela","Bonaire, Sint Eustatius and Saba","1971-08-29","nonummy.Fusce.fermentum@nequevitaesemper.edu","vel"
"352","Gray Sanders","Marah Hensley","Argentina","1980-06-01","ipsum.ac@scelerisquenequesed.net","tortor,"
"353","Brenda Foreman","Tatum Oneill","Guam","1977-03-12","odio@sagittis.com","luctus."
"354","Gail Barnes","Nigel Mcguire","Tuvalu","1966-02-19","Pellentesque.habitant.morbi@et.edu","Maecenas"
"355","Wynne Morin","Emma Lambert","Kuwait","1973-03-29","eget.odio@aliquamarcu.co.uk","lacus."
"356","Audrey Wiley","Leah Holland","South Africa","1983-01-10","interdum.Sed@ametdiameu.net","sit"
"357","Timothy Owen","Grady English","Angola","1982-10-13","tincidunt@lectusconvallis.org","varius."
"358","Gary Dyer","George Finley","Russian Federation","1970-11-28","eget.dictum@elit.co.uk","nibh"
"359","Grady Tyler","Troy Oneill","Antarctica","1982-09-26","sagittis.felis@massanonante.ca","eget,"
"360","Lionel Hanson","Gay Flowers","New Zealand","1996-12-07","scelerisque@elitelit.com","lacus"
"361","Yoko Byers","Cade Mccarthy","Svalbard and Jan Mayen Islands","1996-01-20","nec.urna.et@hendrerita.com","libero."
"362","Justine Cannon","Cameron Wilcox","Grenada","1978-07-01","tellus.lorem.eu@Curabitur.net","eget"
"363","Unity Pacheco","Noah Burris","Cook Islands","1979-02-12","In.ornare@Sed.ca","scelerisque"
"364","Carlos Carey","Colt Harding","Samoa","1985-08-13","volutpat.nunc@pharetra.net","Cum"
"365","Scott Potts","Camilla West","Monaco","1972-08-03","Lorem.ipsum.dolor@Seddiam.edu","Donec"
"366","Genevieve Skinner","Kaden Mercado","Heard Island and Mcdonald Islands","1969-04-01","purus@commodo.co.uk","lorem."
"367","Gage Tyson","Yetta Pena","Zimbabwe","1984-02-09","Nulla.aliquet.Proin@CurabiturmassaVestibulum.co.uk","eget"
"368","Trevor Kane","Jelani Fry","Latvia","2000-03-20","Quisque.tincidunt@faucibus.edu","ornare."
"369","Kyla Riley","Leslie Hess","Brunei","1973-03-22","nibh.lacinia.orci@sitametluctus.org","Donec"
"370","Hilary Ramos","Robin Morris","Cameroon","1974-05-28","a.mi.fringilla@tincidunt.com","quis"
"371","Julian Miller","Palmer Pena","Turks and Caicos Islands","1999-05-15","placerat.orci.lacus@ipsum.net","Duis"
"372","Aileen Reyes","Yoshio Moon","Algeria","2001-09-10","Curae.Donec.tincidunt@torquentperconubia.ca","molestie."
"373","Ashton Mcleod","Garrison Benton","Lebanon","2001-10-08","elit@SednequeSed.co.uk","eu"
"374","Plato Clay","Yuri English","Burundi","1997-10-19","adipiscing@lectusquismassa.com","sit"
"375","Cassady Merritt","Carter Morrow","Benin","1995-04-27","Sed@posuereatvelit.co.uk","nibh."
"376","Ginger Frazier","Elmo Odonnell","Vanuatu","1993-05-19","a@estarcuac.co.uk","magna."
"377","Brenna Ayala","Carl Mayo","Zimbabwe","2002-05-09","eget@vestibulum.co.uk","Donec"
"378","Charissa Holmes","Minerva Elliott","Saint Pierre and Miquelon","1992-01-16","hymenaeos@pede.ca","ante"
"379","Ella Jacobs","Lucy Guthrie","Curaçao","2000-03-09","ante.iaculis.nec@MorbimetusVivamus.ca","quis"
"380","Maia House","Keaton Pickett","Guinea","1970-07-23","Integer.vulputate@nequepellentesquemassa.co.uk","vitae,"
"381","Lani Harding","Nasim Summers","Côte D'Ivoire (Ivory Coast)","1998-12-30","aliquam@Incondimentum.com","est"
"382","Flynn Boyle","Patrick Morin","Reunion","1976-09-29","massa.Suspendisse@quismassa.org","egestas"
"383","Rosalyn Knox","Carla Molina","Virgin Islands, United States","1985-05-26","orci.luctus@lobortisquam.ca","Nunc"
"384","Zachary Pennington","Anika Simpson","United Kingdom (Great Britain)","1987-10-29","Curabitur.dictum.Phasellus@pedeCumsociis.org","rutrum"
"385","Kirby Mayer","Jeremy Roach","Mali","1989-11-17","amet@risus.com","a,"
"386","Tanisha Jimenez","Deacon Gardner","Portugal","2002-06-23","vitae.posuere@Loremipsumdolor.edu","ultrices"
"387","Noah Roman","Camille Byrd","Tokelau","1970-02-08","eu@elitEtiamlaoreet.org","libero"
"388","Lael Berger","Jolene Meadows","Greece","1988-12-10","non.enim.Mauris@purusgravidasagittis.co.uk","id,"
"389","Silas Savage","Laith Watkins","French Southern Territories","2001-05-14","pharetra@semelitpharetra.com","neque."
"390","Wayne Mclean","Nayda Cline","Curaçao","1980-03-27","fames@lobortisquama.co.uk","Nunc"
"391","Linda Morgan","Quinlan Montoya","Bhutan","1977-02-20","dui.Fusce.diam@lacusvestibulum.org","Curabitur"
"392","Kerry Ochoa","Indira Abbott","Ghana","1986-07-12","faucibus.orci.luctus@parturient.edu","Aliquam"
"393","Dominique Burris","Rigel Glover","Virgin Islands, United States","1996-10-29","elit@magna.org","congue."
"394","Meredith Bradford","Jillian Frank","Guam","1987-10-01","odio.vel@Fuscediamnunc.org","sed,"
"395","Lysandra Torres","Harrison Randolph","Marshall Islands","1978-01-23","purus.Maecenas@semeget.edu","blandit"
"396","Ciaran Vasquez","Patricia Marshall","Spain","2001-02-22","id@eratEtiamvestibulum.com","rutrum,"
"397","Bethany Mccarthy","Yardley Joseph","Norfolk Island","1991-03-01","mus@dolor.edu","ante."
"398","Kai Bradley","Rogan Dennis","Mexico","1984-09-12","eu.dolor.egestas@magnaSedeu.edu","enim"
"399","Aidan Fuentes","Colton Skinner","Curaçao","1998-10-20","interdum.Sed.auctor@lacus.net","Nam"
"400","Hayley Perez","Iris Logan","Afghanistan","1992-03-27","ligula@blanditmattis.edu","elementum,"
"401","Honorato Becker","Moses Tanner","Macao","1993-03-05","orci@luctusetultrices.edu","eros"
"402","Carlos Collins","Noble Stark","Haiti","1976-04-20","Aenean@Fuscemi.edu","mauris,"
"403","Alec Obrien","Martha Middleton","Puerto Rico","1986-08-27","leo.in@Fusce.edu","malesuada"
"404","Illiana Keith","Jonas Nelson","Malta","1972-08-08","et.malesuada@velesttempor.edu","Vivamus"
"405","Gavin Elliott","Louis Gutierrez","Panama","1980-11-13","blandit.enim@Etiamgravidamolestie.com","Cras"
"406","Xandra Estrada","Audrey Walter","Saint Pierre and Miquelon","1972-11-07","ultrices.Duis.volutpat@ridiculusmus.edu","Duis"
"407","Alexis Ortega","Dexter Roy","United States Minor Outlying Islands","1971-05-23","egestas.a@vel.net","consequat"
"408","Solomon Dunn","Byron Rosales","Gambia","1986-07-20","metus.sit@Duis.co.uk","volutpat"
"409","Luke Barron","Tara Bray","Austria","1987-05-13","pede.nonummy@Praesentinterdumligula.com","quis"
"410","Zeus Carrillo","Keely Bauer","Belarus","1995-01-14","tortor.dictum.eu@id.co.uk","ligula"
"411","Quon Warren","Ina Cline","New Caledonia","1994-07-25","Donec.tempor.est@eueleifend.org","blandit"
"412","Charde Hodges","Ferris Cantu","Papua New Guinea","1976-02-04","ac.mattis.ornare@Phasellus.com","diam"
"413","Nola Brewer","Leroy Gillespie","Slovakia","1967-09-13","nibh.Quisque.nonummy@Pellentesquetincidunt.org","tortor"
"414","Camden Guerrero","Walter Madden","Jamaica","1982-10-16","sit.amet.nulla@amet.co.uk","nunc"
"415","Bruce Hayden","Nelle Macdonald","Japan","1987-04-25","ipsum.primis.in@turpisIn.ca","diam"
"416","Quincy Briggs","Willa Powell","Palestine, State of","1976-09-21","lectus.rutrum@torquentper.co.uk","Nunc"
"417","Cleo Moody","Vincent Mccoy","Saint Vincent and The Grenadines","2000-12-31","massa@ultrices.org","vehicula"
"418","Cedric Garner","Harrison Hughes","Sri Lanka","1972-05-18","amet.risus@sapien.net","neque"
"419","Keith Cummings","Roary Mercer","British Indian Ocean Territory","1985-08-28","eget.laoreet.posuere@Integer.org","non,"
"420","Cailin Mcmillan","Chandler Morales","United Arab Emirates","1989-02-14","neque.et@at.com","enim"
"421","Tatum Moss","Hillary Witt","San Marino","1979-07-07","aliquam.adipiscing@adipiscing.co.uk","luctus"
"422","Abdul Roach","Judith Mccray","Syria","1967-04-16","Proin.vel.arcu@quis.ca","Mauris"
"423","Cara Willis","Diana Mooney","Thailand","1991-08-07","vel.quam@metuseu.edu","tempor"
"424","Colorado Horn","Ima Sutton","Liechtenstein","1974-11-26","Aenean.eget@vitaealiquam.co.uk","Cras"
"425","Tad Daniel","Howard Glass","Guinea-Bissau","2000-09-17","laoreet.lectus.quis@nuncsed.net","dictum"
"426","Tatum Houston","Veda Gregory","Niger","1995-04-12","eu@acnulla.org","libero."
"427","Chancellor Hanson","Isaiah Caldwell","Tajikistan","1966-04-24","ut.quam@mauriserat.edu","neque"
"428","Honorato Lott","Jorden Buchanan","Christmas Island","1991-05-13","amet.consectetuer.adipiscing@odiosagittissemper.org","lacinia"
"429","Michael Logan","Jillian Doyle","Tajikistan","1990-09-13","Duis.volutpat.nunc@Etiamimperdiet.org","eu"
"430","Abel Burt","Kai Mccarty","New Caledonia","1990-06-29","inceptos.hymenaeos.Mauris@duiSuspendisseac.ca","sodales"
"431","Jerome Cooley","Cheryl Klein","Maldives","1988-08-24","arcu.Vivamus@gravidamauris.net","lacus."
"432","Idona Maynard","Kennan Pope","Luxembourg","1984-01-24","Nullam.lobortis@vel.ca","malesuada"
"433","Chadwick Potts","Marsden Atkinson","Latvia","1997-04-30","aliquam@ullamcorpernisl.ca","tempus"
"434","Destiny Scott","Kelsie Odonnell","San Marino","1997-06-22","ipsum@Vivamussit.org","et"
"435","Charde Boyle","Victor Cummings","Namibia","1980-06-19","Curabitur.vel.lectus@quam.com","blandit."
"436","Samuel Hartman","Maggy Wise","Palestine, State of","1976-10-15","sit.amet@ligulaAliquamerat.edu","nec"
"437","Kasimir Pitts","Derek Ferrell","Singapore","1976-08-26","Curabitur@adipiscingnonluctus.net","egestas"
"438","Hollee Fuentes","Alexander Holman","Norway","1997-08-05","Vestibulum@dolorDonec.co.uk","urna,"
"439","Melodie Weeks","Maxine Clayton","Botswana","2002-07-03","vehicula@nulla.edu","Cras"
"440","Sydney Clark","Dora Lowery","Heard Island and Mcdonald Islands","1970-03-02","Suspendisse@sedorci.ca","augue"
"441","Jane Cunningham","Lester Bauer","Virgin Islands, United States","1994-11-06","et.risus.Quisque@sapien.co.uk","Etiam"
"442","Cara Wells","Ashton Shepard","Croatia","1968-03-04","sed@velit.com","dolor,"
"443","Camilla Barron","Geraldine Massey","Brazil","1993-06-04","eleifend.non.dapibus@enim.org","sagittis"
"444","Blake Savage","Paki Riley","Djibouti","1985-08-08","arcu@consequatlectus.com","Integer"
"445","Fatima Salazar","Adena Baker","Nepal","1968-06-01","Donec.consectetuer.mauris@convallis.net","ac,"
"446","Mari Brock","Brett Schwartz","Thailand","1970-08-18","posuere@vestibulum.net","non"
"447","Charissa Goodman","Joel Mendoza","Niue","1990-12-14","mollis@Quisqueporttitoreros.co.uk","eget"
"448","Hayes Hancock","Ciara Santana","Antigua and Barbuda","1979-01-23","quis.diam@Suspendisse.org","id"
"449","Clayton Hart","Quail Blankenship","Latvia","1981-08-03","purus@nequepellentesquemassa.edu","ac,"
"450","Nicholas Montoya","Ethan Goodwin","Bosnia and Herzegovina","1998-05-06","enim.Mauris@mi.com","dictum"
"451","Alvin Walters","Charissa Wilkins","India","1993-12-08","nulla@mattisIntegereu.edu","Proin"
"452","Uriel Woodard","Emerson Sharp","Suriname","2001-11-17","Morbi@pellentesque.edu","Nulla"
"453","Demetrius Thompson","Yen Medina","Uruguay","1998-01-02","leo.Vivamus.nibh@porttitorscelerisque.com","eget"
"454","Orlando Rivera","Lawrence Hebert","Israel","1988-04-08","interdum.feugiat@netus.com","sit"
"455","Blaine Carr","Prescott Love","Congo, the Democratic Republic of the","1983-12-31","ultrices.posuere.cubilia@ametdapibusid.ca","mauris"
"456","Lester Murphy","Carter Buchanan","Peru","1968-01-09","aliquet.lobortis.nisi@sitamet.co.uk","vestibulum."
"457","Caesar Gonzalez","Dolan Sawyer","China","2000-03-06","netus.et.malesuada@risusDonec.com","consectetuer"
"458","Shelby Francis","Stephen Warren","Jamaica","1970-09-26","et.commodo@metusAliquam.edu","augue"
"459","Lucius Walls","Byron James","Tanzania","1974-12-06","lectus.justo.eu@acmattissemper.co.uk","auctor"
"460","Brenna Potter","Brandon Rios","Cuba","1984-07-16","ultrices@nuncidenim.com","sapien."
"461","Savannah Ratliff","Bradley Gibbs","Bangladesh","1999-02-04","Cum.sociis@Nullamfeugiatplacerat.ca","neque."
"462","Anastasia Conrad","Amos Petersen","Saint Martin","1978-07-16","diam@ligula.net","Duis"
"463","Orlando Berg","Roary Grimes","Vanuatu","1993-03-09","sodales.at@odioauctor.org","nunc"
"464","Rhonda Ellison","Wyatt Beck","Argentina","1992-12-02","vestibulum.nec.euismod@est.ca","Donec"
"465","Merrill Hickman","Teegan Leon","Togo","1982-10-06","Sed.eu@sociisnatoque.ca","egestas."
"466","Amaya Vance","Theodore Daugherty","United States Minor Outlying Islands","2001-03-15","eu.euismod.ac@sed.org","orci"
"467","Cassady Lester","Medge Dudley","Albania","2001-06-09","risus.Nunc.ac@interdum.ca","ut"
"468","William Rojas","John Church","United Arab Emirates","1976-01-10","Donec@penatibuset.com","aliquet"
"469","Joy Calhoun","Sylvester Hampton","Faroe Islands","1968-06-17","In@urnaNuncquis.org","Nullam"
"470","Zorita Colon","Emily Mcleod","Burundi","1973-05-28","tincidunt@facilisisnon.net","Vivamus"
"471","Armando Kirkland","Sylvester Hopper","Indonesia","1989-08-26","Nunc.sed.orci@Integerinmagna.net","turpis"
"472","Ronan Macias","Chester Petersen","Georgia","1990-05-05","erat.semper.rutrum@diameudolor.net","aliquet"
"473","Ronan Maynard","Maisie Sharpe","Martinique","1987-02-18","Phasellus@nibhvulputate.ca","tincidunt"
"474","Audrey Davis","Ishmael Colon","Australia","1985-08-24","nascetur@Cumsociisnatoque.co.uk","sociis"
"475","Kelsey Hogan","Isadora Graham","Saint Vincent and The Grenadines","2002-10-23","pede.Nunc.sed@porta.org","sit"
"476","Dustin Ramos","Phillip Franks","Cayman Islands","1991-06-20","sit@euenim.edu","accumsan"
"477","Nell Randolph","Courtney Nolan","Malta","1991-03-28","egestas.ligula.Nullam@urnaVivamusmolestie.net","Curae;"
"478","Summer Boone","Kieran Holland","Ireland","1994-11-21","amet.luctus.vulputate@ametultricies.net","Nam"
"479","Aurora Boyer","Simone Harrison","Serbia","1998-07-21","magna@tempor.com","Aenean"
"480","Myles Moody","Jamalia Chavez","Nauru","1994-12-12","pharetra.Nam@Loremipsumdolor.co.uk","nec"
"481","Deanna Hahn","Kaitlin Tate","Angola","1998-06-28","at@faucibusMorbivehicula.net","nonummy"
"482","Felix Baldwin","Bert Salinas","Ethiopia","1987-11-22","bibendum.fermentum@variusNamporttitor.org","condimentum"
"483","Cheyenne Blackburn","Gary Jefferson","Brunei","1986-07-24","semper@estac.co.uk","hendrerit"
"484","Shoshana Nicholson","Molly Bolton","Armenia","1997-02-06","tristique.senectus.et@leoVivamus.com","enim"
"485","Lael Bullock","Ray Walker","Cape Verde","1966-01-25","in@Nullamscelerisqueneque.net","dis"
"486","Eliana Mooney","Dolan Medina","Nauru","1968-05-14","ligula@at.net","sit"
"487","Kevyn Hawkins","Joshua Pitts","Libya","1994-08-03","nunc@Vestibulumante.co.uk","tellus"
"488","Akeem Delgado","Buffy Humphrey","Singapore","1975-12-07","elementum@rutrumurnanec.com","Fusce"
"489","George Mejia","Gregory Christian","San Marino","1968-09-19","massa.rutrum@idnuncinterdum.org","facilisis,"
"490","Serina Sparks","Clare Kent","Faroe Islands","1981-04-09","sit.amet.nulla@at.edu","accumsan"
"491","Katell Ochoa","Jaime Craft","San Marino","1985-12-02","dolor.Nulla.semper@aptent.ca","augue"
"492","Merritt Gaines","Steel Koch","Kyrgyzstan","1981-12-22","commodo.at.libero@a.ca","iaculis,"
"493","Ima Ray","Porter Steele","Anguilla","1972-04-14","ac.urna.Ut@nislQuisquefringilla.edu","a,"
"494","Sybill Pearson","Randall Wong","Bouvet Island","1970-01-12","libero@egetlaoreetposuere.com","tristique"
"495","Gil Fuentes","Lee Powell","Saint Vincent and The Grenadines","1974-12-31","torquent.per@interdumfeugiat.ca","arcu."
"496","Jakeem Aguilar","Fritz Aguilar","Anguilla","1972-10-23","erat.nonummy@sociis.ca","vel,"
"497","Camille Pearson","Lois Barker","French Guiana","1983-10-22","orci.luctus.et@malesuada.co.uk","Donec"
"498","Alan Kirkland","Audra Robertson","Macao","1982-01-05","Integer.aliquam.adipiscing@uterosnon.net","lorem"
"499","Mikayla Buckner","Ethan Mullen","Hungary","1977-05-27","iaculis@posuerevulputate.edu","adipiscing"
"500","Marny Wall","Nicole Hull","Sri Lanka","1983-10-12","vulputate.lacus.Cras@Phasellusornare.net","tellus"
"501","Alexa Valentine","Hall Carroll","Sri Lanka","1968-05-10","fermentum.risus@nullaIn.co.uk","quam"
"502","Derek Nicholson","Macy Fuentes","Korea, South","1968-03-07","lectus.pede.ultrices@elit.co.uk","ullamcorper"
"503","Alika Cobb","Nigel Cabrera","Congo, the Democratic Republic of the","1987-10-05","convallis.ante@lorem.net","lorem,"
"504","Dorothy Justice","Nathan Hayden","Japan","1969-07-08","neque.Sed@commodoauctorvelit.ca","ultrices"
"505","Erich Knight","Madison Knox","Hong Kong","1966-06-26","urna.Nullam@dolortempus.org","tempor,"
"506","Lareina Daniels","Wing Meyers","Viet Nam","1979-05-06","ut.nisi.a@arcu.edu","Duis"
"507","Astra Gutierrez","Kalia Salazar","Tokelau","1988-09-13","a.odio.semper@duiFuscealiquam.co.uk","molestie"
"508","Medge Reid","Allegra Clemons","Bangladesh","1984-03-25","venenatis@mi.com","scelerisque"
"509","Marshall Lynch","Gary Stafford","Saint Pierre and Miquelon","1981-06-12","ante.blandit.viverra@dapibus.co.uk","metus."
"510","Quail Levy","Emerson Higgins","Georgia","1993-07-19","neque.Morbi.quis@non.net","tempor,"
"511","Lois Sims","Alexander Ochoa","Jordan","1980-02-20","tincidunt.Donec.vitae@faucibusMorbi.net","sit"
"512","Michael Carlson","John Wooten","Cocos (Keeling) Islands","1989-09-01","mi@parturientmontes.org","dictum"
"513","Valentine Crosby","Shelby Logan","Belgium","1966-03-30","ut.erat@Mauris.edu","commodo"
"514","Hollee Levy","Nell Norman","Congo, the Democratic Republic of the","1994-10-17","Maecenas.malesuada.fringilla@semelitpharetra.ca","Vivamus"
"515","Phillip Estes","Xyla Bailey","Tokelau","1977-10-24","feugiat.Lorem.ipsum@nullaCraseu.co.uk","ut"
"516","Colton Knox","Ima Hebert","Reunion","1970-10-25","eu.metus.In@semsempererat.ca","mattis"
"517","Suki Sosa","Dane Schultz","Northern Mariana Islands","1997-03-12","sodales.Mauris@sed.net","sapien,"
